,year,month,day,dep_time,sched_dep_time,dep_delay,arr_time,sched_arr_time,arr_delay,carrier,flight,tailnum,origin,dest,air_time,distance,hour,minute,time_hour
0,2013,1,1,517.0,515,2.0,830.0,819,11.0,UA,1545,N14228,EWR,IAH,227.0,1400,5,15,1/1/2013 5:00
1,2013,1,1,533.0,529,4.0,850.0,830,20.0,UA,1714,N24211,LGA,IAH,227.0,1416,5,29,1/1/2013 5:00
2,2013,1,1,542.0,540,2.0,923.0,850,33.0,AA,1141,N619AA,JFK,MIA,160.0,1089,5,40,1/1/2013 5:00
3,2013,1,1,544.0,545,-1.0,1004.0,1022,-18.0,B6,725,N804JB,JFK,BQN,183.0,1576,5,45,1/1/2013 5:00
4,2013,1,1,554.0,600,-6.0,812.0,837,-25.0,DL,461,N668DN,LGA,ATL,116.0,762,6,0,1/1/2013 6:00
5,2013,1,1,554.0,558,-4.0,740.0,728,12.0,UA,1696,N39463,EWR,ORD,150.0,719,5,58,1/1/2013 5:00
6,2013,1,1,555.0,600,-5.0,913.0,854,19.0,B6,507,N516JB,EWR,FLL,158.0,1065,6,0,1/1/2013 6:00
7,2013,1,1,557.0,600,-3.0,709.0,723,-14.0,EV,5708,N829AS,LGA,IAD,53.0,229,6,0,1/1/2013 6:00
8,2013,1,1,557.0,600,-3.0,838.0,846,-8.0,B6,79,N593JB,JFK,MCO,140.0,944,6,0,1/1/2013 6:00
9,2013,1,1,558.0,600,-2.0,753.0,745,8.0,AA,301,N3ALAA,LGA,ORD,138.0,733,6,0,1/1/2013 6:00
10,2013,1,1,558.0,600,-2.0,849.0,851,-2.0,B6,49,N793JB,JFK,PBI,149.0,1028,6,0,1/1/2013 6:00
11,2013,1,1,558.0,600,-2.0,853.0,856,-3.0,B6,71,N657JB,JFK,TPA,158.0,1005,6,0,1/1/2013 6:00
12,2013,1,1,558.0,600,-2.0,924.0,917,7.0,UA,194,N29129,JFK,LAX,345.0,2475,6,0,1/1/2013 6:00
13,2013,1,1,558.0,600,-2.0,923.0,937,-14.0,UA,1124,N53441,EWR,SFO,361.0,2565,6,0,1/1/2013 6:00
14,2013,1,1,559.0,600,-1.0,941.0,910,31.0,AA,707,N3DUAA,LGA,DFW,257.0,1389,6,0,1/1/2013 6:00
15,2013,1,1,559.0,559,0.0,702.0,706,-4.0,B6,1806,N708JB,JFK,BOS,44.0,187,5,59,1/1/2013 5:00
16,2013,1,1,559.0,600,-1.0,854.0,902,-8.0,UA,1187,N76515,EWR,LAS,337.0,2227,6,0,1/1/2013 6:00
17,2013,1,1,600.0,600,0.0,851.0,858,-7.0,B6,371,N595JB,LGA,FLL,152.0,1076,6,0,1/1/2013 6:00
18,2013,1,1,600.0,600,0.0,837.0,825,12.0,MQ,4650,N542MQ,LGA,ATL,134.0,762,6,0,1/1/2013 6:00
19,2013,1,1,601.0,600,1.0,844.0,850,-6.0,B6,343,N644JB,EWR,PBI,147.0,1023,6,0,1/1/2013 6:00
20,2013,1,1,602.0,610,-8.0,812.0,820,-8.0,DL,1919,N971DL,LGA,MSP,170.0,1020,6,10,1/1/2013 6:00
21,2013,1,1,602.0,605,-3.0,821.0,805,16.0,MQ,4401,N730MQ,LGA,DTW,105.0,502,6,5,1/1/2013 6:00
22,2013,1,1,606.0,610,-4.0,858.0,910,-12.0,AA,1895,N633AA,EWR,MIA,152.0,1085,6,10,1/1/2013 6:00
23,2013,1,1,606.0,610,-4.0,837.0,845,-8.0,DL,1743,N3739P,JFK,ATL,128.0,760,6,10,1/1/2013 6:00
24,2013,1,1,607.0,607,0.0,858.0,915,-17.0,UA,1077,N53442,EWR,MIA,157.0,1085,6,7,1/1/2013 6:00
25,2013,1,1,608.0,600,8.0,807.0,735,32.0,MQ,3768,N9EAMQ,EWR,ORD,139.0,719,6,0,1/1/2013 6:00
26,2013,1,1,611.0,600,11.0,945.0,931,14.0,UA,303,N532UA,JFK,SFO,366.0,2586,6,0,1/1/2013 6:00
27,2013,1,1,613.0,610,3.0,925.0,921,4.0,B6,135,N635JB,JFK,RSW,175.0,1074,6,10,1/1/2013 6:00
28,2013,1,1,615.0,615,0.0,1039.0,1100,-21.0,B6,709,N794JB,JFK,SJU,182.0,1598,6,15,1/1/2013 6:00
29,2013,1,1,615.0,615,0.0,833.0,842,-9.0,DL,575,N326NB,EWR,ATL,120.0,746,6,15,1/1/2013 6:00
30,2013,1,1,622.0,630,-8.0,1017.0,1014,3.0,US,245,N807AW,EWR,PHX,342.0,2133,6,30,1/1/2013 6:00
31,2013,1,1,623.0,610,13.0,920.0,915,5.0,AA,1837,N3EMAA,LGA,MIA,153.0,1096,6,10,1/1/2013 6:00
32,2013,1,1,623.0,627,-4.0,933.0,932,1.0,UA,496,N459UA,LGA,IAH,229.0,1416,6,27,1/1/2013 6:00
33,2013,1,1,624.0,630,-6.0,909.0,840,29.0,EV,4626,N11107,EWR,MSP,190.0,1008,6,30,1/1/2013 6:00
34,2013,1,1,624.0,630,-6.0,840.0,830,10.0,MQ,4599,N518MQ,LGA,MSP,166.0,1020,6,30,1/1/2013 6:00
35,2013,1,1,627.0,630,-3.0,1018.0,1018,0.0,US,27,N535UW,JFK,PHX,330.0,2153,6,30,1/1/2013 6:00
36,2013,1,1,628.0,630,-2.0,1137.0,1140,-3.0,AA,413,N3BAAA,JFK,SJU,192.0,1598,6,30,1/1/2013 6:00
37,2013,1,1,628.0,630,-2.0,1016.0,947,29.0,UA,1665,N33289,EWR,LAX,366.0,2454,6,30,1/1/2013 6:00
38,2013,1,1,629.0,630,-1.0,824.0,810,14.0,AA,303,N3CYAA,LGA,ORD,140.0,733,6,30,1/1/2013 6:00
39,2013,1,1,629.0,630,-1.0,721.0,740,-19.0,WN,4646,N273WN,LGA,BWI,40.0,185,6,30,1/1/2013 6:00
40,2013,1,1,629.0,630,-1.0,824.0,833,-9.0,US,1019,N426US,EWR,CLT,91.0,529,6,30,1/1/2013 6:00
41,2013,1,1,632.0,608,24.0,740.0,728,12.0,EV,4144,N13553,EWR,IAD,52.0,212,6,8,1/1/2013 6:00
42,2013,1,1,635.0,635,0.0,1028.0,940,48.0,AA,711,N3GKAA,LGA,DFW,248.0,1389,6,35,1/1/2013 6:00
43,2013,1,1,637.0,645,-8.0,930.0,935,-5.0,B6,389,N709JB,LGA,MCO,144.0,950,6,45,1/1/2013 6:00
44,2013,1,1,639.0,640,-1.0,739.0,749,-10.0,B6,1002,N805JB,JFK,BOS,41.0,187,6,40,1/1/2013 6:00
45,2013,1,1,643.0,646,-3.0,922.0,940,-18.0,UA,556,N497UA,EWR,PBI,146.0,1023,6,46,1/1/2013 6:00
46,2013,1,1,643.0,645,-2.0,837.0,848,-11.0,US,926,N178US,EWR,CLT,91.0,529,6,45,1/1/2013 6:00
47,2013,1,1,644.0,636,8.0,931.0,940,-9.0,UA,1701,N75435,EWR,FLL,151.0,1065,6,36,1/1/2013 6:00
48,2013,1,1,645.0,647,-2.0,815.0,810,5.0,B6,102,N796JB,JFK,BUF,63.0,301,6,47,1/1/2013 6:00
49,2013,1,1,646.0,645,1.0,910.0,916,-6.0,UA,883,N569UA,LGA,DEN,243.0,1620,6,45,1/1/2013 6:00
50,2013,1,1,646.0,645,1.0,1023.0,1030,-7.0,UA,1496,N38727,EWR,SNA,380.0,2434,6,45,1/1/2013 6:00
51,2013,1,1,651.0,655,-4.0,936.0,942,-6.0,B6,203,N558JB,JFK,LAS,323.0,2248,6,55,1/1/2013 6:00
52,2013,1,1,652.0,655,-3.0,932.0,921,11.0,B6,117,N178JB,JFK,MSY,191.0,1182,6,55,1/1/2013 6:00
53,2013,1,1,653.0,700,-7.0,936.0,1009,-33.0,DL,1383,N327NW,LGA,PBI,149.0,1035,7,0,1/1/2013 7:00
54,2013,1,1,655.0,655,0.0,1021.0,1030,-9.0,DL,1415,N3763D,JFK,SLC,294.0,1990,6,55,1/1/2013 6:00
55,2013,1,1,655.0,700,-5.0,1037.0,1045,-8.0,DL,1865,N705TW,JFK,SFO,362.0,2586,7,0,1/1/2013 7:00
56,2013,1,1,655.0,700,-5.0,1002.0,1020,-18.0,DL,2003,N997DL,LGA,MIA,161.0,1096,7,0,1/1/2013 7:00
57,2013,1,1,656.0,700,-4.0,854.0,850,4.0,AA,305,N4WNAA,LGA,ORD,143.0,733,7,0,1/1/2013 7:00
58,2013,1,1,656.0,659,-3.0,949.0,959,-10.0,AA,1815,N5FMAA,JFK,MCO,142.0,944,6,59,1/1/2013 6:00
59,2013,1,1,656.0,705,-9.0,1007.0,940,27.0,MQ,4534,N722MQ,LGA,XNA,233.0,1147,7,5,1/1/2013 7:00
60,2013,1,1,656.0,700,-4.0,948.0,1011,-23.0,UA,1115,N24212,EWR,TPA,156.0,997,7,0,1/1/2013 7:00
61,2013,1,1,657.0,700,-3.0,959.0,1013,-14.0,DL,1879,N318NB,LGA,FLL,164.0,1076,7,0,1/1/2013 7:00
62,2013,1,1,658.0,700,-2.0,944.0,939,5.0,DL,1547,N6703D,LGA,ATL,126.0,762,7,0,1/1/2013 7:00
63,2013,1,1,658.0,700,-2.0,1027.0,1025,2.0,VX,399,N627VA,JFK,LAX,361.0,2475,7,0,1/1/2013 7:00
64,2013,1,1,659.0,700,-1.0,1008.0,1015,-7.0,AA,2279,N3EKAA,LGA,MIA,159.0,1096,7,0,1/1/2013 7:00
65,2013,1,1,659.0,700,-1.0,1008.0,1007,1.0,B6,981,N646JB,JFK,FLL,156.0,1069,7,0,1/1/2013 7:00
66,2013,1,1,659.0,705,-6.0,907.0,913,-6.0,DL,831,N998DL,LGA,DTW,105.0,502,7,5,1/1/2013 7:00
67,2013,1,1,659.0,700,-1.0,959.0,1008,-9.0,UA,960,N838UA,EWR,RSW,164.0,1068,7,0,1/1/2013 7:00
68,2013,1,1,701.0,700,1.0,1123.0,1154,-31.0,UA,1203,N77296,EWR,SJU,188.0,1608,7,0,1/1/2013 7:00
69,2013,1,1,702.0,700,2.0,1058.0,1014,44.0,B6,671,N779JB,JFK,LAX,381.0,2475,7,0,1/1/2013 7:00
70,2013,1,1,709.0,700,9.0,852.0,832,20.0,UA,1092,N26226,LGA,ORD,135.0,733,7,0,1/1/2013 7:00
71,2013,1,1,711.0,715,-4.0,1151.0,1206,-15.0,B6,715,N651JB,JFK,SJU,190.0,1598,7,15,1/1/2013 7:00
72,2013,1,1,712.0,715,-3.0,1023.0,1035,-12.0,AA,825,N3ETAA,JFK,FLL,159.0,1069,7,15,1/1/2013 7:00
73,2013,1,1,715.0,713,2.0,911.0,850,21.0,UA,544,N841UA,EWR,ORD,156.0,719,7,13,1/1/2013 7:00
74,2013,1,1,717.0,720,-3.0,850.0,840,10.0,FL,850,N978AT,LGA,MKE,134.0,738,7,20,1/1/2013 7:00
75,2013,1,1,719.0,721,-2.0,1017.0,1012,5.0,B6,987,N562JB,JFK,MCO,147.0,944,7,21,1/1/2013 7:00
76,2013,1,1,723.0,725,-2.0,1013.0,1017,-4.0,UA,962,N514UA,EWR,PBI,153.0,1023,7,25,1/1/2013 7:00
77,2013,1,1,724.0,730,-6.0,1111.0,1040,31.0,AA,715,N541AA,LGA,DFW,254.0,1389,7,30,1/1/2013 7:00
78,2013,1,1,724.0,725,-1.0,1020.0,1030,-10.0,AS,11,N594AS,EWR,SEA,338.0,2402,7,25,1/1/2013 7:00
79,2013,1,1,725.0,730,-5.0,1052.0,1040,12.0,AA,2083,N4WRAA,EWR,DFW,238.0,1372,7,30,1/1/2013 7:00
80,2013,1,1,727.0,730,-3.0,959.0,952,7.0,UA,1162,N37462,EWR,DEN,254.0,1605,7,30,1/1/2013 7:00
81,2013,1,1,728.0,732,-4.0,1041.0,1038,3.0,UA,473,N488UA,LGA,IAH,238.0,1416,7,32,1/1/2013 7:00
82,2013,1,1,729.0,730,-1.0,1049.0,1115,-26.0,VX,11,N635VA,JFK,SFO,356.0,2586,7,30,1/1/2013 7:00
83,2013,1,1,732.0,735,-3.0,857.0,858,-1.0,B6,20,N304JB,JFK,ROC,64.0,264,7,35,1/1/2013 7:00
84,2013,1,1,732.0,729,3.0,1041.0,1039,2.0,B6,1601,N563JB,LGA,RSW,167.0,1080,7,29,1/1/2013 7:00
85,2013,1,1,732.0,645,47.0,1011.0,941,30.0,UA,1111,N37456,EWR,MCO,145.0,937,6,45,1/1/2013 6:00
86,2013,1,1,733.0,736,-3.0,854.0,850,4.0,B6,44,N552JB,JFK,SYR,54.0,209,7,36,1/1/2013 7:00
87,2013,1,1,734.0,737,-3.0,1047.0,1113,-26.0,B6,643,N625JB,JFK,SFO,350.0,2586,7,37,1/1/2013 7:00
88,2013,1,1,739.0,745,-6.0,918.0,930,-12.0,AA,309,N4WPAA,LGA,ORD,137.0,733,7,45,1/1/2013 7:00
89,2013,1,1,739.0,739,0.0,1104.0,1038,26.0,UA,1479,N37408,EWR,IAH,249.0,1400,7,39,1/1/2013 7:00
90,2013,1,1,741.0,745,-4.0,1038.0,1036,2.0,B6,983,N633JB,LGA,TPA,158.0,1010,7,45,1/1/2013 7:00
91,2013,1,1,743.0,730,13.0,1107.0,1100,7.0,AA,33,N338AA,JFK,LAX,358.0,2475,7,30,1/1/2013 7:00
92,2013,1,1,743.0,749,-6.0,1043.0,1054,-11.0,B6,341,N624JB,JFK,SRQ,164.0,1041,7,49,1/1/2013 7:00
93,2013,1,1,743.0,730,13.0,1059.0,1056,3.0,DL,495,N3760C,JFK,SEA,349.0,2422,7,30,1/1/2013 7:00
94,2013,1,1,745.0,745,0.0,1135.0,1125,10.0,AA,59,N336AA,JFK,SFO,378.0,2586,7,45,1/1/2013 7:00
95,2013,1,1,746.0,746,0.0,1119.0,1129,-10.0,UA,1668,N24224,EWR,SFO,373.0,2565,7,46,1/1/2013 7:00
96,2013,1,1,749.0,710,39.0,939.0,850,49.0,MQ,3737,N508MQ,EWR,ORD,148.0,719,7,10,1/1/2013 7:00
97,2013,1,1,752.0,755,-3.0,1041.0,1059,-18.0,DL,2263,N325US,LGA,MCO,140.0,950,7,55,1/1/2013 7:00
98,2013,1,1,752.0,750,2.0,1025.0,1029,-4.0,UA,477,N511UA,LGA,DEN,249.0,1620,7,50,1/1/2013 7:00
99,2013,1,1,752.0,759,-7.0,955.0,959,-4.0,US,1733,N543UW,LGA,CLT,96.0,544,7,59,1/1/2013 7:00
100,2013,1,1,753.0,755,-2.0,1056.0,1110,-14.0,AA,2267,N3HMAA,LGA,MIA,157.0,1096,7,55,1/1/2013 7:00
101,2013,1,1,754.0,759,-5.0,1039.0,1041,-2.0,DL,2047,N935DL,LGA,ATL,126.0,762,7,59,1/1/2013 7:00
102,2013,1,1,754.0,755,-1.0,1103.0,1030,33.0,WN,733,N789SW,LGA,DEN,279.0,1620,7,55,1/1/2013 7:00
103,2013,1,1,758.0,800,-2.0,1053.0,1054,-1.0,B6,517,N645JB,EWR,MCO,142.0,937,8,0,1/1/2013 8:00
104,2013,1,1,759.0,800,-1.0,1057.0,1127,-30.0,DL,1843,N955DL,JFK,MIA,158.0,1089,8,0,1/1/2013 8:00
105,2013,1,1,800.0,800,0.0,1022.0,1014,8.0,DL,2119,N317US,LGA,MSP,171.0,1020,8,0,1/1/2013 8:00
106,2013,1,1,800.0,810,-10.0,949.0,955,-6.0,MQ,4406,N828MQ,JFK,RDU,80.0,427,8,10,1/1/2013 8:00
107,2013,1,1,801.0,805,-4.0,900.0,919,-19.0,B6,1172,N206JB,EWR,BOS,38.0,200,8,5,1/1/2013 8:00
108,2013,1,1,803.0,810,-7.0,903.0,925,-22.0,AA,1838,N3GEAA,JFK,BOS,38.0,187,8,10,1/1/2013 8:00
109,2013,1,1,803.0,800,3.0,1132.0,1144,-12.0,UA,223,N510UA,JFK,SFO,369.0,2586,8,0,1/1/2013 8:00
110,2013,1,1,804.0,810,-6.0,1103.0,1116,-13.0,DL,1959,N947DL,JFK,MCO,147.0,944,8,10,1/1/2013 8:00
111,2013,1,1,805.0,805,0.0,1015.0,1005,10.0,B6,219,N273JB,JFK,CLT,98.0,541,8,5,1/1/2013 8:00
112,2013,1,1,805.0,800,5.0,1118.0,1106,12.0,B6,3,N570JB,JFK,FLL,165.0,1069,8,0,1/1/2013 8:00
113,2013,1,1,805.0,815,-10.0,1006.0,1010,-4.0,MQ,4490,N739MQ,LGA,CMH,101.0,479,8,15,1/1/2013 8:00
114,2013,1,1,807.0,810,-3.0,1043.0,1043,0.0,DL,269,N308DE,JFK,ATL,126.0,760,8,10,1/1/2013 8:00
115,2013,1,1,809.0,815,-6.0,1043.0,1050,-7.0,EV,4388,N14542,EWR,JAX,132.0,820,8,15,1/1/2013 8:00
116,2013,1,1,810.0,810,0.0,1048.0,1037,11.0,9E,3538,N915XJ,JFK,MSP,189.0,1029,8,10,1/1/2013 8:00
117,2013,1,1,810.0,815,-5.0,1100.0,1128,-28.0,DL,2395,N349NW,LGA,PBI,149.0,1035,8,15,1/1/2013 8:00
118,2013,1,1,811.0,815,-4.0,1006.0,1032,-26.0,EV,4260,N11193,EWR,CHS,101.0,628,8,15,1/1/2013 8:00
119,2013,1,1,811.0,630,101.0,1047.0,830,137.0,MQ,4576,N531MQ,LGA,CLT,118.0,544,6,30,1/1/2013 6:00
120,2013,1,1,811.0,815,-4.0,1026.0,1016,10.0,US,675,N654AW,EWR,CLT,96.0,529,8,15,1/1/2013 8:00
121,2013,1,1,812.0,814,-2.0,1040.0,1017,23.0,EV,4537,N17108,EWR,MEM,180.0,946,8,14,1/1/2013 8:00
122,2013,1,1,813.0,815,-2.0,1103.0,1056,7.0,DL,914,N375NC,LGA,DEN,267.0,1620,8,15,1/1/2013 8:00
123,2013,1,1,814.0,810,4.0,1047.0,1030,17.0,FL,346,N977AT,LGA,ATL,132.0,762,8,10,1/1/2013 8:00
124,2013,1,1,817.0,810,7.0,1005.0,948,17.0,B6,1051,N228JB,JFK,PIT,86.0,340,8,10,1/1/2013 8:00
125,2013,1,1,820.0,820,0.0,1254.0,1310,-16.0,B6,717,N527JB,JFK,SJU,190.0,1598,8,20,1/1/2013 8:00
126,2013,1,1,820.0,830,-10.0,940.0,954,-14.0,DL,27,N324US,JFK,BOS,36.0,187,8,30,1/1/2013 8:00
127,2013,1,1,820.0,820,0.0,1249.0,1329,-40.0,DL,301,N900PC,JFK,SJU,182.0,1598,8,20,1/1/2013 8:00
128,2013,1,1,821.0,820,1.0,1153.0,1129,24.0,B6,181,N521JB,JFK,SAN,354.0,2446,8,20,1/1/2013 8:00
129,2013,1,1,821.0,825,-4.0,932.0,945,-13.0,MQ,4418,N846MQ,JFK,DCA,52.0,213,8,25,1/1/2013 8:00
130,2013,1,1,822.0,830,-8.0,1014.0,1016,-2.0,EV,4104,N12540,LGA,CLE,91.0,419,8,30,1/1/2013 8:00
131,2013,1,1,823.0,825,-2.0,1019.0,1024,-5.0,US,487,N655AW,JFK,CLT,96.0,541,8,25,1/1/2013 8:00
132,2013,1,1,823.0,823,0.0,1151.0,1135,16.0,UA,1223,N39728,EWR,DFW,250.0,1372,8,23,1/1/2013 8:00
133,2013,1,1,824.0,830,-6.0,1027.0,1025,2.0,AA,1855,N573AA,LGA,STL,169.0,888,8,30,1/1/2013 8:00
134,2013,1,1,825.0,827,-2.0,1058.0,1105,-7.0,B6,611,N292JB,JFK,JAX,130.0,828,8,27,1/1/2013 8:00
135,2013,1,1,826.0,715,71.0,1136.0,1045,51.0,AA,443,N3GVAA,JFK,MIA,160.0,1089,7,15,1/1/2013 7:00
136,2013,1,1,826.0,817,9.0,1145.0,1158,-13.0,UA,1480,N76522,EWR,SFO,357.0,2565,8,17,1/1/2013 8:00
137,2013,1,1,828.0,830,-2.0,1027.0,1012,15.0,B6,905,N274JB,JFK,ORD,160.0,740,8,30,1/1/2013 8:00
138,2013,1,1,828.0,823,5.0,1150.0,1143,7.0,UA,1506,N76528,EWR,LAX,359.0,2454,8,23,1/1/2013 8:00
139,2013,1,1,829.0,830,-1.0,1152.0,1200,-8.0,UA,443,N554UA,JFK,LAX,360.0,2475,8,30,1/1/2013 8:00
140,2013,1,1,829.0,830,-1.0,1117.0,1140,-23.0,UA,1592,N75425,EWR,MCO,145.0,937,8,30,1/1/2013 8:00
141,2013,1,1,830.0,830,0.0,1018.0,1015,3.0,AA,313,N4YCAA,LGA,ORD,137.0,733,8,30,1/1/2013 8:00
142,2013,1,1,830.0,835,-5.0,1052.0,1105,-13.0,MQ,4610,N513MQ,LGA,ATL,123.0,762,8,35,1/1/2013 8:00
143,2013,1,1,831.0,835,-4.0,1021.0,1039,-18.0,EV,4412,N13969,EWR,MYR,92.0,550,8,35,1/1/2013 8:00
144,2013,1,1,832.0,840,-8.0,1006.0,1030,-24.0,MQ,4521,N725MQ,LGA,RDU,77.0,431,8,40,1/1/2013 8:00
145,2013,1,1,833.0,835,-2.0,1134.0,1102,32.0,F9,835,N203FR,LGA,DEN,257.0,1620,8,35,1/1/2013 8:00
146,2013,1,1,835.0,835,0.0,1210.0,1150,20.0,AA,717,N3BDAA,LGA,DFW,249.0,1389,8,35,1/1/2013 8:00
147,2013,1,1,839.0,850,-11.0,1027.0,1035,-8.0,MQ,4558,N711MQ,LGA,CLE,88.0,419,8,50,1/1/2013 8:00
148,2013,1,1,840.0,845,-5.0,1311.0,1350,-39.0,AA,1357,N5FSAA,JFK,SJU,188.0,1598,8,45,1/1/2013 8:00
149,2013,1,1,840.0,845,-5.0,1053.0,1102,-9.0,DL,2304,N926DL,JFK,DTW,108.0,509,8,45,1/1/2013 8:00
150,2013,1,1,846.0,845,1.0,1138.0,1205,-27.0,B6,553,N564JB,EWR,RSW,157.0,1068,8,45,1/1/2013 8:00
151,2013,1,1,848.0,1835,853.0,1001.0,1950,851.0,MQ,3944,N942MQ,JFK,BWI,41.0,184,18,35,1/1/2013 18:00
152,2013,1,1,848.0,851,-3.0,1155.0,1136,19.0,UA,1741,N27724,EWR,JAC,275.0,1874,8,51,1/1/2013 8:00
153,2013,1,1,851.0,851,0.0,1032.0,1036,-4.0,EV,4548,N19966,EWR,RDU,75.0,416,8,51,1/1/2013 8:00
154,2013,1,1,851.0,859,-8.0,1102.0,1105,-3.0,DL,869,N361NB,EWR,DTW,106.0,488,8,59,1/1/2013 8:00
155,2013,1,1,851.0,840,11.0,1215.0,1206,9.0,UA,1626,N39297,EWR,SAN,367.0,2425,8,40,1/1/2013 8:00
156,2013,1,1,852.0,855,-3.0,1046.0,1020,26.0,WN,3848,N777QC,EWR,MDW,146.0,711,8,55,1/1/2013 8:00
157,2013,1,1,853.0,845,8.0,1147.0,1145,2.0,B6,59,N184JB,JFK,TPA,159.0,1005,8,45,1/1/2013 8:00
158,2013,1,1,855.0,859,-4.0,1143.0,1145,-2.0,DL,1747,N646DL,LGA,ATL,129.0,762,8,59,1/1/2013 8:00
159,2013,1,1,856.0,900,-4.0,1226.0,1220,6.0,AA,1,N324AA,JFK,LAX,358.0,2475,9,0,1/1/2013 9:00
160,2013,1,1,856.0,900,-4.0,1222.0,1232,-10.0,DL,2143,N970DL,LGA,MIA,158.0,1096,9,0,1/1/2013 9:00
161,2013,1,1,856.0,855,1.0,1140.0,1203,-23.0,UA,1296,N75426,EWR,PBI,150.0,1023,8,55,1/1/2013 8:00
162,2013,1,1,857.0,900,-3.0,1516.0,1530,-14.0,HA,51,N380HA,JFK,HNL,659.0,4983,9,0,1/1/2013 9:00
163,2013,1,1,857.0,905,-8.0,1107.0,1120,-13.0,DL,181,N321NB,LGA,DTW,110.0,502,9,5,1/1/2013 9:00
164,2013,1,1,857.0,900,-3.0,1124.0,1133,-9.0,DL,485,N371NB,EWR,ATL,125.0,746,9,0,1/1/2013 9:00
165,2013,1,1,857.0,851,6.0,1157.0,1222,-25.0,UA,1670,N45440,EWR,SEA,343.0,2402,8,51,1/1/2013 8:00
166,2013,1,1,858.0,900,-2.0,1102.0,1110,-8.0,MQ,4478,N737MQ,LGA,DTW,103.0,502,9,0,1/1/2013 9:00
167,2013,1,1,859.0,900,-1.0,1140.0,1204,-24.0,DL,1885,N360NB,LGA,MCO,140.0,950,9,0,1/1/2013 9:00
168,2013,1,1,859.0,900,-1.0,1223.0,1225,-2.0,VX,407,N846VA,JFK,LAX,359.0,2475,9,0,1/1/2013 9:00
169,2013,1,1,900.0,900,0.0,1211.0,1203,8.0,UA,1170,N19130,EWR,FLL,161.0,1065,9,0,1/1/2013 9:00
170,2013,1,1,902.0,903,-1.0,1048.0,1045,3.0,UA,580,N820UA,EWR,ORD,145.0,719,9,3,1/1/2013 9:00
171,2013,1,1,903.0,820,43.0,1045.0,955,50.0,MQ,4655,N532MQ,LGA,BNA,142.0,764,8,20,1/1/2013 8:00
172,2013,1,1,904.0,906,-2.0,1207.0,1226,-19.0,UA,1401,N77525,EWR,MIA,158.0,1085,9,6,1/1/2013 9:00
173,2013,1,1,905.0,905,0.0,1309.0,1229,40.0,B6,1061,N281JB,JFK,AUS,263.0,1521,9,5,1/1/2013 9:00
174,2013,1,1,906.0,843,23.0,1134.0,1125,9.0,UA,1643,N17139,EWR,DEN,246.0,1605,8,43,1/1/2013 8:00
175,2013,1,1,908.0,910,-2.0,1020.0,1027,-7.0,B6,56,N203JB,JFK,BTV,52.0,266,9,10,1/1/2013 9:00
176,2013,1,1,908.0,915,-7.0,1004.0,1033,-29.0,US,1467,N959UW,LGA,PHL,32.0,96,9,15,1/1/2013 9:00
177,2013,1,1,908.0,908,0.0,1228.0,1219,9.0,UA,1220,N12216,EWR,IAH,233.0,1400,9,8,1/1/2013 9:00
178,2013,1,1,909.0,810,59.0,1331.0,1315,16.0,AA,655,N5EXAA,JFK,STT,184.0,1623,8,10,1/1/2013 8:00
179,2013,1,1,912.0,900,12.0,1241.0,1220,21.0,AA,647,N5CRAA,JFK,MIA,166.0,1089,9,0,1/1/2013 9:00
180,2013,1,1,912.0,906,6.0,1219.0,1226,-7.0,UA,1601,N38403,EWR,MIA,159.0,1085,9,6,1/1/2013 9:00
181,2013,1,1,913.0,918,-5.0,1346.0,1416,-30.0,UA,1519,N24715,EWR,STT,189.0,1634,9,18,1/1/2013 9:00
182,2013,1,1,914.0,920,-6.0,1244.0,1240,4.0,AA,1589,N517AA,EWR,DFW,238.0,1372,9,20,1/1/2013 9:00
183,2013,1,1,914.0,900,14.0,1058.0,1043,15.0,UA,783,N810UA,EWR,CLE,85.0,404,9,0,1/1/2013 9:00
184,2013,1,1,917.0,920,-3.0,1313.0,1245,28.0,AA,721,N596AA,LGA,DFW,258.0,1389,9,20,1/1/2013 9:00
185,2013,1,1,917.0,915,2.0,1206.0,1211,-5.0,B6,41,N568JB,JFK,MCO,145.0,944,9,15,1/1/2013 9:00
186,2013,1,1,917.0,920,-3.0,1052.0,1108,-16.0,B6,1103,N216JB,JFK,RDU,80.0,427,9,20,1/1/2013 9:00
187,2013,1,1,920.0,905,15.0,1039.0,1025,14.0,B6,1305,N346JB,JFK,IAD,52.0,228,9,5,1/1/2013 9:00
188,2013,1,1,920.0,920,0.0,1152.0,1125,27.0,MQ,4582,N527MQ,LGA,CLT,92.0,544,9,20,1/1/2013 9:00
189,2013,1,1,921.0,900,21.0,1237.0,1227,10.0,DL,120,N713TW,JFK,LAX,333.0,2475,9,0,1/1/2013 9:00
190,2013,1,1,923.0,919,4.0,1026.0,1030,-4.0,B6,1004,N580JB,JFK,BOS,38.0,187,9,19,1/1/2013 9:00
191,2013,1,1,926.0,929,-3.0,1404.0,1421,-17.0,B6,215,N775JB,EWR,SJU,191.0,1608,9,29,1/1/2013 9:00
192,2013,1,1,926.0,922,4.0,1221.0,1219,2.0,B6,57,N534JB,JFK,PBI,151.0,1028,9,22,1/1/2013 9:00
193,2013,1,1,926.0,928,-2.0,1233.0,1220,13.0,UA,1597,N27733,EWR,EGE,287.0,1726,9,28,1/1/2013 9:00
194,2013,1,1,927.0,930,-3.0,1231.0,1257,-26.0,DL,1335,N951DL,LGA,RSW,166.0,1080,9,30,1/1/2013 9:00
195,2013,1,1,929.0,929,0.0,1028.0,1042,-14.0,EV,4636,N11551,EWR,DCA,43.0,199,9,29,1/1/2013 9:00
196,2013,1,1,929.0,925,4.0,1220.0,1150,30.0,WN,766,N957WN,EWR,DEN,264.0,1605,9,25,1/1/2013 9:00
197,2013,1,1,930.0,905,25.0,1218.0,1209,9.0,UA,1148,N57439,EWR,TPA,149.0,997,9,5,1/1/2013 9:00
198,2013,1,1,931.0,930,1.0,1237.0,1238,-1.0,B6,375,N508JB,LGA,FLL,161.0,1076,9,30,1/1/2013 9:00
199,2013,1,1,931.0,930,1.0,1121.0,1108,13.0,UA,255,N479UA,LGA,ORD,154.0,733,9,30,1/1/2013 9:00
200,2013,1,1,932.0,930,2.0,1219.0,1225,-6.0,VX,251,N641VA,JFK,LAS,324.0,2248,9,30,1/1/2013 9:00
201,2013,1,1,933.0,937,-4.0,1057.0,1102,-5.0,B6,4,N503JB,JFK,BUF,66.0,301,9,37,1/1/2013 9:00
202,2013,1,1,933.0,904,29.0,1252.0,1210,42.0,B6,17,N579JB,JFK,FLL,170.0,1069,9,4,1/1/2013 9:00
203,2013,1,1,933.0,935,-2.0,1120.0,1105,15.0,WN,3895,N487WN,LGA,MDW,145.0,725,9,35,1/1/2013 9:00
204,2013,1,1,936.0,940,-4.0,1235.0,1251,-16.0,DL,2137,N975DL,LGA,TPA,159.0,1010,9,40,1/1/2013 9:00
205,2013,1,1,936.0,945,-9.0,1257.0,1309,-12.0,DL,1903,N900DE,LGA,SRQ,169.0,1047,9,45,1/1/2013 9:00
206,2013,1,1,937.0,940,-3.0,1238.0,1235,3.0,B6,361,N615JB,LGA,PBI,154.0,1035,9,40,1/1/2013 9:00
207,2013,1,1,937.0,940,-3.0,1127.0,1120,7.0,WN,1807,N729SW,LGA,MKE,143.0,738,9,40,1/1/2013 9:00
208,2013,1,1,940.0,945,-5.0,1119.0,1130,-11.0,AA,319,N4WJAA,LGA,ORD,133.0,733,9,45,1/1/2013 9:00
209,2013,1,1,940.0,955,-15.0,1226.0,1220,6.0,MQ,4654,N525MQ,LGA,ATL,129.0,762,9,55,1/1/2013 9:00
210,2013,1,1,941.0,945,-4.0,1300.0,1258,2.0,B6,679,N806JB,JFK,LAX,352.0,2475,9,45,1/1/2013 9:00
211,2013,1,1,946.0,959,-13.0,1146.0,1202,-16.0,EV,4175,N15912,EWR,AVL,105.0,583,9,59,1/1/2013 9:00
212,2013,1,1,947.0,953,-6.0,1053.0,1110,-17.0,B6,600,N306JB,JFK,PWM,47.0,273,9,53,1/1/2013 9:00
213,2013,1,1,950.0,954,-4.0,1155.0,1142,13.0,EV,4681,N12567,EWR,STL,170.0,872,9,54,1/1/2013 9:00
214,2013,1,1,953.0,959,-6.0,1141.0,1129,12.0,MQ,4670,N6EAMQ,LGA,BNA,144.0,764,9,59,1/1/2013 9:00
215,2013,1,1,953.0,921,32.0,1320.0,1241,39.0,UA,222,N586UA,EWR,LAX,346.0,2454,9,21,1/1/2013 9:00
216,2013,1,1,955.0,1000,-5.0,1336.0,1325,11.0,US,75,N642AW,EWR,PHX,324.0,2133,10,0,1/1/2013 10:00
217,2013,1,1,956.0,1000,-4.0,1241.0,1241,0.0,DL,1847,N956DL,LGA,ATL,129.0,762,10,0,1/1/2013 10:00
218,2013,1,1,957.0,733,144.0,1056.0,853,123.0,UA,856,N534UA,EWR,BOS,37.0,200,7,33,1/1/2013 7:00
219,2013,1,1,959.0,1002,-3.0,1313.0,1319,-6.0,DL,2379,N965DL,LGA,FLL,151.0,1076,10,2,1/1/2013 10:00
220,2013,1,1,959.0,1000,-1.0,1151.0,1206,-15.0,US,1177,N765US,LGA,CLT,90.0,544,10,0,1/1/2013 10:00
221,2013,1,1,1003.0,1010,-7.0,1255.0,1320,-25.0,B6,503,N565JB,EWR,FLL,152.0,1065,10,10,1/1/2013 10:00
222,2013,1,1,1003.0,959,4.0,1408.0,1329,39.0,US,196,N541UW,JFK,PHX,342.0,2153,9,59,1/1/2013 9:00
223,2013,1,1,1005.0,1000,5.0,1239.0,1234,5.0,UA,1625,N81449,EWR,DEN,254.0,1605,10,0,1/1/2013 10:00
224,2013,1,1,1007.0,1010,-3.0,1147.0,1140,7.0,MQ,3795,N503MQ,EWR,ORD,131.0,719,10,10,1/1/2013 10:00
225,2013,1,1,1009.0,1015,-6.0,1219.0,1229,-10.0,DL,2319,N933DL,LGA,MSP,160.0,1020,10,15,1/1/2013 10:00
226,2013,1,1,1010.0,1015,-5.0,1204.0,1210,-6.0,US,1103,N162UW,EWR,CLT,90.0,529,10,15,1/1/2013 10:00
227,2013,1,1,1010.0,1015,-5.0,1225.0,1214,11.0,US,1441,N712US,JFK,CLT,97.0,541,10,15,1/1/2013 10:00
228,2013,1,1,1011.0,1001,10.0,1133.0,1128,5.0,EV,5736,N820AS,LGA,IAD,59.0,229,10,1,1/1/2013 10:00
229,2013,1,1,1011.0,1015,-4.0,1246.0,1307,-21.0,DL,1529,N399DA,JFK,LAS,320.0,2248,10,15,1/1/2013 10:00
230,2013,1,1,1021.0,1023,-2.0,1254.0,1252,2.0,FL,347,N942AT,LGA,ATL,129.0,762,10,23,1/1/2013 10:00
231,2013,1,1,1024.0,1029,-5.0,1140.0,1150,-10.0,EV,4709,N14905,EWR,BUF,59.0,282,10,29,1/1/2013 10:00
232,2013,1,1,1024.0,1030,-6.0,1204.0,1215,-11.0,MQ,4471,N719MQ,LGA,RDU,78.0,431,10,30,1/1/2013 10:00
233,2013,1,1,1025.0,1020,5.0,1356.0,1330,26.0,AA,731,N3FXAA,LGA,DFW,247.0,1389,10,20,1/1/2013 10:00
234,2013,1,1,1025.0,951,34.0,1258.0,1302,-4.0,UA,501,N437UA,EWR,MCO,137.0,937,9,51,1/1/2013 9:00
235,2013,1,1,1026.0,1030,-4.0,1351.0,1340,11.0,AA,19,N328AA,JFK,LAX,356.0,2475,10,30,1/1/2013 10:00
236,2013,1,1,1028.0,1026,2.0,1350.0,1339,11.0,UA,1004,N76508,LGA,IAH,237.0,1416,10,26,1/1/2013 10:00
237,2013,1,1,1029.0,1030,-1.0,1427.0,1355,32.0,AA,179,N325AA,JFK,SFO,389.0,2586,10,30,1/1/2013 10:00
238,2013,1,1,1030.0,1035,-5.0,1229.0,1246,-17.0,EV,4277,N11189,EWR,CHS,100.0,628,10,35,1/1/2013 10:00
239,2013,1,1,1031.0,1030,1.0,1353.0,1415,-22.0,VX,23,N625VA,JFK,SFO,363.0,2586,10,30,1/1/2013 10:00
240,2013,1,1,1031.0,1030,1.0,1323.0,1334,-11.0,UA,1294,N77258,EWR,FLL,157.0,1065,10,30,1/1/2013 10:00
241,2013,1,1,1032.0,1035,-3.0,1305.0,1250,15.0,EV,4180,N13955,EWR,IND,135.0,645,10,35,1/1/2013 10:00
242,2013,1,1,1033.0,1017,16.0,1130.0,1136,-6.0,UA,779,N849UA,EWR,BOS,42.0,200,10,17,1/1/2013 10:00
243,2013,1,1,1037.0,1030,7.0,1221.0,1210,11.0,AA,321,N581AA,LGA,ORD,133.0,733,10,30,1/1/2013 10:00
244,2013,1,1,1038.0,1030,8.0,1223.0,1202,21.0,UA,985,N423UA,EWR,ORD,149.0,719,10,30,1/1/2013 10:00
245,2013,1,1,1042.0,1040,2.0,1325.0,1326,-1.0,B6,31,N529JB,JFK,MCO,142.0,944,10,40,1/1/2013 10:00
246,2013,1,1,1044.0,1045,-1.0,1231.0,1212,19.0,EV,4322,N15555,EWR,MKE,151.0,725,10,45,1/1/2013 10:00
247,2013,1,1,1044.0,1045,-1.0,1352.0,1351,1.0,UA,455,N667UA,EWR,IAH,229.0,1400,10,45,1/1/2013 10:00
248,2013,1,1,1044.0,1041,3.0,1339.0,1350,-11.0,UA,1060,N76503,EWR,RSW,157.0,1068,10,41,1/1/2013 10:00
249,2013,1,1,1047.0,1055,-8.0,1359.0,1405,-6.0,AA,739,N3AVAA,LGA,DFW,230.0,1389,10,55,1/1/2013 10:00
250,2013,1,1,1047.0,1050,-3.0,1401.0,1410,-9.0,DL,1275,N3748Y,JFK,SLC,295.0,1990,10,50,1/1/2013 10:00
251,2013,1,1,1048.0,1050,-2.0,1302.0,1250,12.0,MQ,4589,N537MQ,LGA,DTW,112.0,502,10,50,1/1/2013 10:00
252,2013,1,1,1053.0,1050,3.0,1402.0,1358,4.0,B6,373,N520JB,LGA,FLL,165.0,1076,10,50,1/1/2013 10:00
253,2013,1,1,1054.0,1059,-5.0,1326.0,1339,-13.0,DL,1647,N920DE,LGA,ATL,129.0,762,10,59,1/1/2013 10:00
254,2013,1,1,1056.0,1059,-3.0,1203.0,1209,-6.0,EV,4479,N11544,EWR,PWM,51.0,284,10,59,1/1/2013 10:00
255,2013,1,1,1056.0,1100,-4.0,1407.0,1413,-6.0,DL,2185,N917DL,LGA,TPA,158.0,1010,11,0,1/1/2013 11:00
256,2013,1,1,1058.0,1100,-2.0,1210.0,1216,-6.0,US,2171,N951UW,LGA,DCA,50.0,214,11,0,1/1/2013 11:00
257,2013,1,1,1059.0,1100,-1.0,1201.0,1215,-14.0,WN,321,N505SW,LGA,BWI,43.0,185,11,0,1/1/2013 11:00
258,2013,1,1,1059.0,1100,-1.0,1210.0,1215,-5.0,MQ,3792,N509MQ,JFK,DCA,50.0,213,11,0,1/1/2013 11:00
259,2013,1,1,1059.0,1053,6.0,1342.0,1351,-9.0,UA,369,N451UA,EWR,LAS,325.0,2227,10,53,1/1/2013 10:00
260,2013,1,1,1101.0,1043,18.0,1345.0,1332,13.0,B6,545,N630JB,EWR,PBI,145.0,1023,10,43,1/1/2013 10:00
261,2013,1,1,1103.0,1100,3.0,1410.0,1421,-11.0,DL,2071,N339NW,LGA,MIA,155.0,1096,11,0,1/1/2013 11:00
262,2013,1,1,1105.0,1047,18.0,1428.0,1405,23.0,UA,688,N521UA,EWR,SFO,356.0,2565,10,47,1/1/2013 10:00
263,2013,1,1,1107.0,1115,-8.0,1305.0,1310,-5.0,MQ,4485,N730MQ,LGA,CMH,95.0,479,11,15,1/1/2013 11:00
264,2013,1,1,1109.0,1115,-6.0,1402.0,1425,-23.0,AA,2099,N3GSAA,LGA,MIA,157.0,1096,11,15,1/1/2013 11:00
265,2013,1,1,1111.0,1115,-4.0,1222.0,1226,-4.0,B6,24,N279JB,JFK,BTV,52.0,266,11,15,1/1/2013 11:00
266,2013,1,1,1112.0,1100,12.0,1440.0,1438,2.0,UA,285,N517UA,JFK,SFO,364.0,2586,11,0,1/1/2013 11:00
267,2013,1,1,1113.0,1115,-2.0,1318.0,1315,3.0,DL,1031,N320NB,LGA,DTW,104.0,502,11,15,1/1/2013 11:00
268,2013,1,1,1114.0,900,134.0,1447.0,1222,145.0,UA,1086,N76502,LGA,IAH,248.0,1416,9,0,1/1/2013 9:00
269,2013,1,1,1120.0,944,96.0,1331.0,1213,78.0,EV,4495,N16561,EWR,SAV,117.0,708,9,44,1/1/2013 9:00
270,2013,1,1,1120.0,1125,-5.0,1330.0,1325,5.0,WN,1057,N469WN,LGA,STL,176.0,888,11,25,1/1/2013 11:00
271,2013,1,1,1123.0,1110,13.0,1410.0,1336,34.0,UA,405,N587UA,LGA,DEN,256.0,1620,11,10,1/1/2013 11:00
272,2013,1,1,1124.0,1100,24.0,1435.0,1431,4.0,B6,641,N590JB,JFK,SFO,349.0,2586,11,0,1/1/2013 11:00
273,2013,1,1,1124.0,1125,-1.0,1445.0,1445,0.0,DL,1171,N376NW,LGA,RSW,169.0,1080,11,25,1/1/2013 11:00
274,2013,1,1,1125.0,1130,-5.0,1325.0,1332,-7.0,US,1085,N169UW,LGA,CLT,94.0,544,11,30,1/1/2013 11:00
275,2013,1,1,1127.0,1129,-2.0,1303.0,1309,-6.0,EV,4294,N14180,EWR,RDU,73.0,416,11,29,1/1/2013 11:00
276,2013,1,1,1127.0,1130,-3.0,1504.0,1448,16.0,UA,703,N518UA,JFK,LAX,357.0,2475,11,30,1/1/2013 11:00
277,2013,1,1,1127.0,1129,-2.0,1421.0,1425,-4.0,UA,1143,N14118,EWR,PBI,156.0,1023,11,29,1/1/2013 11:00
278,2013,1,1,1128.0,1129,-1.0,1422.0,1437,-15.0,UA,987,N496UA,EWR,TPA,156.0,997,11,29,1/1/2013 11:00
279,2013,1,1,1130.0,1125,5.0,1301.0,1305,-4.0,AA,327,N3DEAA,LGA,ORD,127.0,733,11,25,1/1/2013 11:00
280,2013,1,1,1130.0,1131,-1.0,1345.0,1342,3.0,DL,2219,N343NB,LGA,MSP,166.0,1020,11,31,1/1/2013 11:00
281,2013,1,1,1132.0,1135,-3.0,1324.0,1330,-6.0,MQ,4553,N856MQ,LGA,CLE,89.0,419,11,35,1/1/2013 11:00
282,2013,1,1,1133.0,1129,4.0,1440.0,1437,3.0,B6,133,N652JB,JFK,RSW,168.0,1074,11,29,1/1/2013 11:00
283,2013,1,1,1133.0,1130,3.0,1448.0,1450,-2.0,VX,409,N839VA,JFK,LAX,347.0,2475,11,30,1/1/2013 11:00
284,2013,1,1,1135.0,1140,-5.0,1429.0,1445,-16.0,AA,1623,N3EYAA,EWR,MIA,156.0,1085,11,40,1/1/2013 11:00
285,2013,1,1,1137.0,1140,-3.0,1445.0,1451,-6.0,DL,2175,N999DN,LGA,PBI,153.0,1035,11,40,1/1/2013 11:00
286,2013,1,1,1143.0,1145,-2.0,1512.0,1507,5.0,UA,1010,N39726,EWR,SNA,371.0,2434,11,45,1/1/2013 11:00
287,2013,1,1,1144.0,1145,-1.0,1422.0,1411,11.0,EV,4876,N695CA,EWR,ATL,126.0,746,11,45,1/1/2013 11:00
288,2013,1,1,1147.0,1155,-8.0,1335.0,1327,8.0,FL,353,N932AT,LGA,CAK,82.0,397,11,55,1/1/2013 11:00
289,2013,1,1,1150.0,1156,-6.0,1302.0,1314,-12.0,EV,4693,N21144,EWR,SYR,46.0,195,11,56,1/1/2013 11:00
290,2013,1,1,1153.0,1159,-6.0,1350.0,1341,9.0,EV,4275,N29917,EWR,CMH,95.0,463,11,59,1/1/2013 11:00
291,2013,1,1,1153.0,1123,30.0,1454.0,1425,29.0,B6,1,N552JB,JFK,FLL,167.0,1069,11,23,1/1/2013 11:00
292,2013,1,1,1153.0,1200,-7.0,1450.0,1529,-39.0,DL,863,N712TW,JFK,LAX,330.0,2475,12,0,1/1/2013 12:00
293,2013,1,1,1154.0,1200,-6.0,1253.0,1306,-13.0,B6,1174,N206JB,EWR,BOS,40.0,200,12,0,1/1/2013 12:00
294,2013,1,1,1154.0,1200,-6.0,1452.0,1430,22.0,MQ,4658,N8EGMQ,LGA,ATL,141.0,762,12,0,1/1/2013 12:00
295,2013,1,1,1155.0,1200,-5.0,1517.0,1510,7.0,AA,3,N322AA,JFK,LAX,353.0,2475,12,0,1/1/2013 12:00
296,2013,1,1,1155.0,1200,-5.0,1507.0,1519,-12.0,DL,1443,N969DL,LGA,FLL,160.0,1076,12,0,1/1/2013 12:00
297,2013,1,1,1155.0,1200,-5.0,1441.0,1440,1.0,DL,1947,N904DL,LGA,ATL,133.0,762,12,0,1/1/2013 12:00
298,2013,1,1,1155.0,1200,-5.0,1312.0,1315,-3.0,MQ,4425,N846MQ,JFK,DCA,57.0,213,12,0,1/1/2013 12:00
299,2013,1,1,1157.0,1158,-1.0,1310.0,1315,-5.0,EV,4511,N16546,EWR,ROC,50.0,246,11,58,1/1/2013 11:00
300,2013,1,1,1157.0,1205,-8.0,1342.0,1345,-3.0,MQ,4431,N723MQ,LGA,RDU,80.0,431,12,5,1/1/2013 12:00
301,2013,1,1,1157.0,1200,-3.0,1452.0,1456,-4.0,UA,1197,N13113,EWR,MCO,151.0,937,12,0,1/1/2013 12:00
302,2013,1,1,1158.0,1205,-7.0,1530.0,1520,10.0,AA,743,N426AA,LGA,DFW,248.0,1389,12,5,1/1/2013 12:00
303,2013,1,1,1158.0,1200,-2.0,1256.0,1300,-4.0,WN,1568,N783SW,EWR,BWI,38.0,169,12,0,1/1/2013 12:00
304,2013,1,1,1158.0,1200,-2.0,1338.0,1331,7.0,UA,701,N588UA,LGA,ORD,142.0,733,12,0,1/1/2013 12:00
305,2013,1,1,1200.0,1200,0.0,1408.0,1356,12.0,US,1443,N755US,JFK,CLT,102.0,541,12,0,1/1/2013 12:00
306,2013,1,1,1202.0,1207,-5.0,1318.0,1314,4.0,EV,4347,N11536,EWR,BTV,51.0,266,12,7,1/1/2013 12:00
307,2013,1,1,1202.0,1159,3.0,1645.0,1653,-8.0,UA,1663,N38403,EWR,SJU,187.0,1608,11,59,1/1/2013 11:00
308,2013,1,1,1203.0,1205,-2.0,1501.0,1437,24.0,EV,3850,N13978,EWR,ATL,142.0,746,12,5,1/1/2013 12:00
309,2013,1,1,1203.0,1200,3.0,1519.0,1545,-26.0,VX,25,N843VA,JFK,SFO,353.0,2586,12,0,1/1/2013 12:00
310,2013,1,1,1204.0,1200,4.0,1500.0,1448,12.0,B6,523,N612JB,EWR,MCO,139.0,937,12,0,1/1/2013 12:00
311,2013,1,1,1205.0,1200,5.0,1503.0,1505,-2.0,UA,1461,N39418,EWR,IAH,221.0,1400,12,0,1/1/2013 12:00
312,2013,1,1,1206.0,1209,-3.0,1325.0,1328,-3.0,EV,4216,N14168,EWR,BUF,59.0,282,12,9,1/1/2013 12:00
313,2013,1,1,1208.0,1158,10.0,1540.0,1502,38.0,B6,625,N239JB,JFK,HOU,253.0,1428,11,58,1/1/2013 11:00
314,2013,1,1,1211.0,1215,-4.0,1423.0,1413,10.0,EV,4135,N21537,EWR,CLT,102.0,529,12,15,1/1/2013 12:00
315,2013,1,1,1217.0,1220,-3.0,1414.0,1350,24.0,MQ,3697,N517MQ,EWR,ORD,143.0,719,12,20,1/1/2013 12:00
316,2013,1,1,1217.0,1218,-1.0,1525.0,1529,-4.0,UA,391,N573UA,EWR,SFO,345.0,2565,12,18,1/1/2013 12:00
317,2013,1,1,1219.0,1220,-1.0,1415.0,1415,0.0,AA,1757,N545AA,LGA,STL,161.0,888,12,20,1/1/2013 12:00
318,2013,1,1,1219.0,1225,-6.0,1451.0,1500,-9.0,DL,1715,N342NB,LGA,MSY,195.0,1183,12,25,1/1/2013 12:00
319,2013,1,1,1220.0,1220,0.0,1403.0,1340,23.0,WN,133,N254WN,EWR,MDW,142.0,711,12,20,1/1/2013 12:00
320,2013,1,1,1222.0,1159,23.0,1512.0,1429,43.0,EV,4679,N14916,EWR,JAX,131.0,820,11,59,1/1/2013 11:00
321,2013,1,1,1222.0,1229,-7.0,1520.0,1526,-6.0,B6,27,N192JB,JFK,TPA,160.0,1005,12,29,1/1/2013 12:00
322,2013,1,1,1228.0,1224,4.0,1631.0,1604,27.0,UA,1114,N38459,EWR,PHX,339.0,2133,12,24,1/1/2013 12:00
323,2013,1,1,1230.0,1235,-5.0,1440.0,1438,2.0,EV,5311,N741EV,EWR,DTW,108.0,488,12,35,1/1/2013 12:00
324,2013,1,1,1231.0,1238,-7.0,1449.0,1446,3.0,DL,1131,N920DL,LGA,DTW,108.0,502,12,38,1/1/2013 12:00
325,2013,1,1,1231.0,1229,2.0,1523.0,1529,-6.0,UA,428,N402UA,EWR,FLL,156.0,1065,12,29,1/1/2013 12:00
326,2013,1,1,1237.0,1245,-8.0,1340.0,1350,-10.0,AA,1850,N3EGAA,JFK,BOS,40.0,187,12,45,1/1/2013 12:00
327,2013,1,1,1238.0,1240,-2.0,1410.0,1405,5.0,WN,564,N297WN,LGA,MKE,137.0,738,12,40,1/1/2013 12:00
328,2013,1,1,1240.0,1229,11.0,1451.0,1428,23.0,EV,4118,N14543,EWR,DTW,114.0,488,12,29,1/1/2013 12:00
329,2013,1,1,1240.0,1245,-5.0,1554.0,1600,-6.0,AA,2253,N3BUAA,LGA,MIA,156.0,1096,12,45,1/1/2013 12:00
330,2013,1,1,1240.0,1235,5.0,1415.0,1415,0.0,MQ,4404,N828MQ,JFK,RDU,79.0,427,12,35,1/1/2013 12:00
331,2013,1,1,1241.0,1247,-6.0,1342.0,1355,-13.0,EV,4129,N36915,EWR,DCA,45.0,199,12,47,1/1/2013 12:00
332,2013,1,1,1245.0,1245,0.0,1616.0,1615,1.0,DL,2174,N711ZX,JFK,SLC,298.0,1990,12,45,1/1/2013 12:00
333,2013,1,1,1245.0,1249,-4.0,1722.0,1800,-38.0,DL,315,N670DN,JFK,SJU,188.0,1598,12,49,1/1/2013 12:00
334,2013,1,1,1246.0,1225,21.0,1424.0,1348,36.0,B6,66,N228JB,JFK,BUF,70.0,301,12,25,1/1/2013 12:00
335,2013,1,1,1248.0,1250,-2.0,1607.0,1607,0.0,UA,1280,N26210,LGA,IAH,238.0,1416,12,50,1/1/2013 12:00
336,2013,1,1,1251.0,1252,-1.0,1611.0,1555,16.0,B6,85,N657JB,JFK,FLL,173.0,1069,12,52,1/1/2013 12:00
337,2013,1,1,1252.0,1245,7.0,1624.0,1550,34.0,AA,745,N3FTAA,LGA,DFW,243.0,1389,12,45,1/1/2013 12:00
338,2013,1,1,1253.0,1212,41.0,1524.0,1436,48.0,UA,754,N576UA,EWR,DEN,252.0,1605,12,12,1/1/2013 12:00
339,2013,1,1,1255.0,1300,-5.0,1541.0,1537,4.0,DL,781,N644DL,LGA,ATL,132.0,762,13,0,1/1/2013 13:00
340,2013,1,1,1255.0,1255,0.0,1540.0,1535,5.0,WN,1251,N732SW,LGA,DEN,264.0,1620,12,55,1/1/2013 12:00
341,2013,1,1,1255.0,1200,55.0,1451.0,1330,81.0,MQ,4601,N518MQ,LGA,BNA,139.0,764,12,0,1/1/2013 12:00
342,2013,1,1,1255.0,1259,-4.0,1501.0,1502,-1.0,US,1459,N540UW,LGA,CLT,100.0,544,12,59,1/1/2013 12:00
343,2013,1,1,1255.0,1300,-5.0,1401.0,1409,-8.0,US,2128,N957UW,LGA,BOS,38.0,184,13,0,1/1/2013 13:00
344,2013,1,1,1257.0,1258,-1.0,1601.0,1610,-9.0,B6,209,N793JB,JFK,LGB,346.0,2465,12,58,1/1/2013 12:00
345,2013,1,1,1257.0,1300,-3.0,1454.0,1450,4.0,MQ,4426,N739MQ,LGA,CMH,97.0,479,13,0,1/1/2013 13:00
346,2013,1,1,1258.0,1308,-10.0,1532.0,1537,-5.0,FL,348,N717JL,LGA,ATL,128.0,762,13,8,1/1/2013 13:00
347,2013,1,1,1258.0,1300,-2.0,1459.0,1440,19.0,AA,329,N511AA,LGA,ORD,147.0,733,13,0,1/1/2013 13:00
348,2013,1,1,1301.0,1240,21.0,1633.0,1540,53.0,AA,1853,N544AA,EWR,DFW,252.0,1372,12,40,1/1/2013 12:00
349,2013,1,1,1301.0,1150,71.0,1518.0,1345,93.0,MQ,4646,N542MQ,LGA,MSP,170.0,1020,11,50,1/1/2013 11:00
350,2013,1,1,1301.0,1255,6.0,1629.0,1603,26.0,UA,765,N825UA,EWR,DFW,243.0,1372,12,55,1/1/2013 12:00
351,2013,1,1,1302.0,1259,3.0,1402.0,1404,-2.0,B6,1006,N273JB,JFK,BOS,40.0,187,12,59,1/1/2013 12:00
352,2013,1,1,1302.0,1300,2.0,1553.0,1601,-8.0,UA,1435,N78511,EWR,MIA,158.0,1085,13,0,1/1/2013 13:00
353,2013,1,1,1304.0,1227,37.0,1518.0,1422,56.0,EV,4640,N19966,EWR,DAY,107.0,533,12,27,1/1/2013 12:00
354,2013,1,1,1304.0,1259,5.0,1430.0,1418,12.0,B6,32,N346JB,JFK,ROC,65.0,264,12,59,1/1/2013 12:00
355,2013,1,1,1305.0,1315,-10.0,1523.0,1520,3.0,MQ,4564,N725MQ,LGA,DTW,102.0,502,13,15,1/1/2013 13:00
356,2013,1,1,1306.0,1240,26.0,1622.0,1555,27.0,AA,2041,N5DMAA,JFK,MIA,163.0,1089,12,40,1/1/2013 12:00
357,2013,1,1,1306.0,1300,6.0,1622.0,1610,12.0,WN,2596,N773SA,EWR,HOU,239.0,1411,13,0,1/1/2013 13:00
358,2013,1,1,1310.0,1300,10.0,1559.0,1554,5.0,B6,991,N593JB,JFK,PBI,150.0,1028,13,0,1/1/2013 13:00
359,2013,1,1,1314.0,1315,-1.0,1507.0,1505,2.0,US,1615,N177US,EWR,CLT,95.0,529,13,15,1/1/2013 13:00
360,2013,1,1,1315.0,1317,-2.0,1413.0,1423,-10.0,EV,4112,N13538,EWR,ALB,33.0,143,13,17,1/1/2013 13:00
361,2013,1,1,1316.0,1314,2.0,1412.0,1415,-3.0,EV,4340,N11551,EWR,BWI,38.0,169,13,14,1/1/2013 13:00
362,2013,1,1,1317.0,1325,-8.0,1454.0,1505,-11.0,MQ,4475,N711MQ,LGA,RDU,80.0,431,13,25,1/1/2013 13:00
363,2013,1,1,1318.0,1322,-4.0,1358.0,1416,-18.0,EV,4106,N19554,EWR,BDL,25.0,116,13,22,1/1/2013 13:00
364,2013,1,1,1320.0,1315,5.0,1602.0,1605,-3.0,B6,393,N537JB,LGA,MCO,140.0,950,13,15,1/1/2013 13:00
365,2013,1,1,1320.0,1320,0.0,1625.0,1636,-11.0,UA,1425,N58101,EWR,LAX,334.0,2454,13,20,1/1/2013 13:00
366,2013,1,1,1323.0,1300,23.0,1651.0,1608,43.0,DL,1185,N3736C,EWR,SLC,295.0,1969,13,0,1/1/2013 13:00
367,2013,1,1,1325.0,1330,-5.0,1606.0,1605,1.0,DL,2043,N318US,JFK,ATL,131.0,760,13,30,1/1/2013 13:00
368,2013,1,1,1327.0,1330,-3.0,1638.0,1655,-17.0,VX,411,N642VA,JFK,LAX,352.0,2475,13,30,1/1/2013 13:00
369,2013,1,1,1327.0,1329,-2.0,1624.0,1629,-5.0,UA,906,N847UA,EWR,FLL,157.0,1065,13,29,1/1/2013 13:00
370,2013,1,1,1330.0,1321,9.0,1613.0,1536,37.0,EV,3849,N14558,EWR,IND,149.0,645,13,21,1/1/2013 13:00
371,2013,1,1,1333.0,1335,-2.0,1608.0,1608,0.0,B6,615,N306JB,JFK,JAX,134.0,828,13,35,1/1/2013 13:00
372,2013,1,1,1336.0,1340,-4.0,1508.0,1500,8.0,EV,4665,N13988,EWR,PIT,69.0,319,13,40,1/1/2013 13:00
373,2013,1,1,1337.0,1220,77.0,1649.0,1531,78.0,B6,673,N636JB,JFK,LAX,352.0,2475,12,20,1/1/2013 12:00
374,2013,1,1,1339.0,1345,-6.0,1642.0,1705,-23.0,AA,1073,N3EMAA,LGA,MIA,161.0,1096,13,45,1/1/2013 13:00
375,2013,1,1,1339.0,1335,4.0,1654.0,1631,23.0,B6,431,N510JB,LGA,SRQ,170.0,1047,13,35,1/1/2013 13:00
376,2013,1,1,1341.0,1345,-4.0,1709.0,1705,4.0,AA,117,N339AA,JFK,LAX,362.0,2475,13,45,1/1/2013 13:00
377,2013,1,1,1342.0,1320,22.0,1617.0,1504,73.0,EV,3832,N13969,EWR,STL,194.0,872,13,20,1/1/2013 13:00
378,2013,1,1,1343.0,1330,13.0,1658.0,1640,18.0,AA,753,N3CFAA,LGA,DFW,235.0,1389,13,30,1/1/2013 13:00
379,2013,1,1,1344.0,1344,0.0,2005.0,1944,21.0,UA,15,N76065,EWR,HNL,656.0,4963,13,44,1/1/2013 13:00
380,2013,1,1,1346.0,1330,16.0,1736.0,1710,26.0,WN,2335,N900WN,EWR,PHX,334.0,2133,13,30,1/1/2013 13:00
381,2013,1,1,1350.0,1329,21.0,1504.0,1453,11.0,EV,4254,N14542,EWR,BUF,57.0,282,13,29,1/1/2013 13:00
382,2013,1,1,1350.0,1355,-5.0,1456.0,1510,-14.0,B6,602,N216JB,JFK,PWM,49.0,273,13,55,1/1/2013 13:00
383,2013,1,1,1351.0,1355,-4.0,1446.0,1459,-13.0,EV,4434,N13566,EWR,MHT,37.0,209,13,55,1/1/2013 13:00
384,2013,1,1,1353.0,1357,-4.0,1549.0,1525,24.0,EV,4171,N14105,EWR,MSN,152.0,799,13,57,1/1/2013 13:00
385,2013,1,1,1354.0,1356,-2.0,1556.0,1600,-4.0,EV,4370,N23139,EWR,CHS,102.0,628,13,56,1/1/2013 13:00
386,2013,1,1,1354.0,1359,-5.0,1452.0,1514,-22.0,DL,2068,N344NB,JFK,BOS,37.0,187,13,59,1/1/2013 13:00
387,2013,1,1,1355.0,1315,40.0,1538.0,1452,46.0,EV,4552,N13958,EWR,GSO,86.0,445,13,15,1/1/2013 13:00
388,2013,1,1,1355.0,1356,-1.0,1646.0,1650,-4.0,B6,1783,N709JB,JFK,MCO,144.0,944,13,56,1/1/2013 13:00
389,2013,1,1,1355.0,1350,5.0,1537.0,1515,22.0,WN,2162,N7704B,LGA,MDW,141.0,725,13,50,1/1/2013 13:00
390,2013,1,1,1356.0,1350,6.0,1612.0,1545,27.0,MQ,4577,N513MQ,LGA,CLT,98.0,544,13,50,1/1/2013 13:00
391,2013,1,1,1356.0,1259,57.0,1538.0,1438,60.0,UA,32,N17128,EWR,ORD,135.0,719,12,59,1/1/2013 12:00
392,2013,1,1,1356.0,1354,2.0,1537.0,1526,11.0,UA,617,N840UA,LGA,ORD,146.0,733,13,54,1/1/2013 13:00
393,2013,1,1,1356.0,1350,6.0,1659.0,1640,19.0,UA,1258,N26906,EWR,IAH,218.0,1400,13,50,1/1/2013 13:00
394,2013,1,1,1358.0,1350,8.0,1742.0,1715,27.0,US,688,N654AW,EWR,PHX,318.0,2133,13,50,1/1/2013 13:00
395,2013,1,1,1400.0,1250,70.0,1645.0,1502,103.0,EV,4869,N748EV,LGA,MEM,178.0,963,12,50,1/1/2013 12:00
396,2013,1,1,1400.0,1400,0.0,1634.0,1636,-2.0,DL,2247,N6704Z,LGA,ATL,130.0,762,14,0,1/1/2013 14:00
397,2013,1,1,1402.0,1323,39.0,1650.0,1526,84.0,EV,4516,N13123,EWR,MEM,183.0,946,13,23,1/1/2013 13:00
398,2013,1,1,1408.0,1411,-3.0,1646.0,1640,6.0,FL,349,N895AT,LGA,ATL,133.0,762,14,11,1/1/2013 14:00
399,2013,1,1,1411.0,1315,56.0,1717.0,1611,66.0,B6,505,N516JB,EWR,FLL,154.0,1065,13,15,1/1/2013 13:00
400,2013,1,1,1416.0,1411,5.0,1603.0,1549,14.0,UA,683,N456UA,EWR,ORD,136.0,719,14,11,1/1/2013 14:00
401,2013,1,1,1418.0,1419,-1.0,1726.0,1732,-6.0,UA,16,N37464,EWR,SEA,348.0,2402,14,19,1/1/2013 14:00
402,2013,1,1,1419.0,1420,-1.0,1557.0,1550,7.0,MQ,3728,N500MQ,EWR,ORD,136.0,719,14,20,1/1/2013 14:00
403,2013,1,1,1421.0,1422,-1.0,1517.0,1535,-18.0,B6,1010,N274JB,JFK,BOS,38.0,187,14,22,1/1/2013 14:00
404,2013,1,1,1421.0,1355,26.0,1735.0,1709,26.0,B6,83,N503JB,JFK,SEA,349.0,2422,13,55,1/1/2013 13:00
405,2013,1,1,1421.0,1430,-9.0,1724.0,1752,-28.0,DL,1531,N327NW,LGA,RSW,160.0,1080,14,30,1/1/2013 14:00
406,2013,1,1,1422.0,1410,12.0,1613.0,1555,18.0,MQ,4491,N737MQ,LGA,CLE,93.0,419,14,10,1/1/2013 14:00
407,2013,1,1,1422.0,1425,-3.0,1748.0,1759,-11.0,UA,257,N502UA,JFK,SFO,362.0,2586,14,25,1/1/2013 14:00
408,2013,1,1,1423.0,1430,-7.0,1535.0,1550,-15.0,EV,5710,N835AS,LGA,IAD,53.0,229,14,30,1/1/2013 14:00
409,2013,1,1,1424.0,1349,35.0,1701.0,1556,65.0,EV,4687,N15574,EWR,CVG,129.0,569,13,49,1/1/2013 13:00
410,2013,1,1,1424.0,1420,4.0,1659.0,1644,15.0,EV,4935,N678CA,EWR,ATL,132.0,746,14,20,1/1/2013 14:00
411,2013,1,1,1428.0,1329,59.0,1803.0,1640,83.0,B6,355,N635JB,JFK,BUR,371.0,2465,13,29,1/1/2013 13:00
412,2013,1,1,1430.0,1359,31.0,1718.0,1652,26.0,UA,278,N563UA,EWR,PBI,149.0,1023,13,59,1/1/2013 13:00
413,2013,1,1,1430.0,1430,0.0,1735.0,1744,-9.0,UA,997,N452UA,LGA,IAH,227.0,1416,14,30,1/1/2013 14:00
414,2013,1,1,1431.0,1429,2.0,1727.0,1722,5.0,B6,1161,N562JB,LGA,PBI,151.0,1035,14,29,1/1/2013 14:00
415,2013,1,1,1431.0,1440,-9.0,1627.0,1616,11.0,UA,601,N849UA,EWR,CLE,91.0,404,14,40,1/1/2013 14:00
416,2013,1,1,1433.0,1435,-2.0,1636.0,1644,-8.0,DL,1819,N327NB,LGA,MSP,163.0,1020,14,35,1/1/2013 14:00
417,2013,1,1,1436.0,1435,1.0,1840.0,1820,20.0,DL,1322,N722TW,JFK,SFO,375.0,2586,14,35,1/1/2013 14:00
418,2013,1,1,1439.0,1445,-6.0,1558.0,1613,-15.0,DL,1972,N319NB,JFK,DCA,56.0,213,14,45,1/1/2013 14:00
419,2013,1,1,1440.0,1440,0.0,1658.0,1643,15.0,DL,1231,N926DL,LGA,DTW,94.0,502,14,40,1/1/2013 14:00
420,2013,1,1,1442.0,1450,-8.0,1728.0,1755,-27.0,AA,1813,N5FMAA,JFK,MCO,141.0,944,14,50,1/1/2013 14:00
421,2013,1,1,1443.0,1444,-1.0,1600.0,1602,-2.0,EV,4292,N13908,EWR,IAD,51.0,212,14,44,1/1/2013 14:00
422,2013,1,1,1445.0,1455,-10.0,1635.0,1645,-10.0,AA,337,N4UCAA,LGA,ORD,147.0,733,14,55,1/1/2013 14:00
423,2013,1,1,1445.0,1445,0.0,1729.0,1710,19.0,MQ,4669,N532MQ,LGA,ATL,129.0,762,14,45,1/1/2013 14:00
424,2013,1,1,1446.0,1455,-9.0,1803.0,1825,-22.0,AA,1769,N5EWAA,JFK,MIA,161.0,1089,14,55,1/1/2013 14:00
425,2013,1,1,1448.0,1445,3.0,1651.0,1647,4.0,US,1445,N560UW,LGA,CLT,96.0,544,14,45,1/1/2013 14:00
426,2013,1,1,1449.0,1450,-1.0,1651.0,1640,11.0,MQ,4403,N853MQ,JFK,RDU,78.0,427,14,50,1/1/2013 14:00
427,2013,1,1,1451.0,1500,-9.0,1634.0,1636,-2.0,9E,4105,N8444F,JFK,IAD,57.0,228,15,0,1/1/2013 15:00
428,2013,1,1,1452.0,1455,-3.0,1637.0,1639,-2.0,9E,3295,N920XJ,JFK,BUF,68.0,301,14,55,1/1/2013 14:00
429,2013,1,1,1452.0,1457,-5.0,1753.0,1811,-18.0,B6,61,N292JB,JFK,FLL,162.0,1069,14,57,1/1/2013 14:00
430,2013,1,1,1453.0,1450,3.0,1707.0,1645,22.0,MQ,4172,N610MQ,JFK,CLE,99.0,425,14,50,1/1/2013 14:00
431,2013,1,1,1453.0,1500,-7.0,1601.0,1620,-19.0,US,2179,N951UW,LGA,DCA,51.0,214,15,0,1/1/2013 15:00
432,2013,1,1,1454.0,1458,-4.0,1554.0,1615,-21.0,EV,4390,N11544,EWR,PWM,47.0,284,14,58,1/1/2013 14:00
433,2013,1,1,1454.0,1500,-6.0,1635.0,1636,-1.0,9E,3843,N8409N,JFK,SYR,57.0,209,15,0,1/1/2013 15:00
434,2013,1,1,1454.0,1500,-6.0,1815.0,1837,-22.0,DL,1467,N702TW,JFK,LAX,340.0,2475,15,0,1/1/2013 15:00
435,2013,1,1,1455.0,1457,-2.0,1731.0,1730,1.0,B6,119,N279JB,JFK,MSY,192.0,1182,14,57,1/1/2013 14:00
436,2013,1,1,1455.0,1459,-4.0,1655.0,1645,10.0,B6,1053,N203JB,JFK,PIT,87.0,340,14,59,1/1/2013 14:00
437,2013,1,1,1455.0,1500,-5.0,1753.0,1810,-17.0,DL,1997,N997DL,LGA,PBI,152.0,1035,15,0,1/1/2013 15:00
438,2013,1,1,1456.0,1500,-4.0,1649.0,1632,17.0,UA,685,N802UA,LGA,ORD,140.0,733,15,0,1/1/2013 15:00
439,2013,1,1,1456.0,1455,1.0,1830.0,1813,17.0,UA,1134,N24212,EWR,AUS,252.0,1504,14,55,1/1/2013 14:00
440,2013,1,1,1457.0,1500,-3.0,1758.0,1815,-17.0,UA,379,N401UA,EWR,RSW,166.0,1068,15,0,1/1/2013 15:00
441,2013,1,1,1457.0,1500,-3.0,1652.0,1656,-4.0,US,720,N539UW,EWR,CLT,97.0,529,15,0,1/1/2013 15:00
442,2013,1,1,1458.0,1500,-2.0,1658.0,1655,3.0,MQ,4429,N736MQ,LGA,CMH,94.0,479,15,0,1/1/2013 15:00
443,2013,1,1,1459.0,1501,-2.0,1651.0,1651,0.0,EV,5675,N15572,EWR,CMH,96.0,463,15,1,1/1/2013 15:00
444,2013,1,1,1459.0,1454,5.0,1750.0,1751,-1.0,UA,1105,N75435,EWR,TPA,152.0,997,14,54,1/1/2013 14:00
445,2013,1,1,1500.0,1459,1.0,1809.0,1806,3.0,B6,377,N633JB,LGA,FLL,167.0,1076,14,59,1/1/2013 14:00
446,2013,1,1,1502.0,1500,2.0,1802.0,1806,-4.0,UA,456,N406UA,EWR,FLL,156.0,1065,15,0,1/1/2013 15:00
447,2013,1,1,1505.0,1310,115.0,1638.0,1431,127.0,EV,4497,N17984,EWR,RIC,63.0,277,13,10,1/1/2013 13:00
448,2013,1,1,1505.0,1510,-5.0,1654.0,1655,-1.0,MQ,4447,N734MQ,LGA,RDU,82.0,431,15,10,1/1/2013 15:00
449,2013,1,1,1506.0,1505,1.0,1838.0,1820,18.0,AA,759,N3DUAA,LGA,DFW,248.0,1389,15,5,1/1/2013 15:00
450,2013,1,1,1506.0,1512,-6.0,1723.0,1741,-18.0,UA,407,N513UA,LGA,DEN,237.0,1620,15,12,1/1/2013 15:00
451,2013,1,1,1507.0,1515,-8.0,1651.0,1656,-5.0,9E,3792,N8631E,JFK,ROC,66.0,264,15,15,1/1/2013 15:00
452,2013,1,1,1507.0,1510,-3.0,1748.0,1745,3.0,MQ,4309,N803MQ,JFK,IND,130.0,665,15,10,1/1/2013 15:00
453,2013,1,1,1508.0,1450,18.0,1813.0,1747,26.0,UA,1687,N76529,EWR,MCO,146.0,937,14,50,1/1/2013 14:00
454,2013,1,1,1510.0,1517,-7.0,1811.0,1811,0.0,B6,537,N563JB,EWR,TPA,156.0,997,15,17,1/1/2013 15:00
455,2013,1,1,1511.0,1500,11.0,1753.0,1742,11.0,DL,2347,N678DL,LGA,ATL,135.0,762,15,0,1/1/2013 15:00
456,2013,1,1,1511.0,1515,-4.0,1657.0,1700,-3.0,DL,1456,N318NB,LGA,BUF,60.0,292,15,15,1/1/2013 15:00
457,2013,1,1,1512.0,1518,-6.0,1805.0,1823,-18.0,B6,153,N645JB,JFK,MCO,142.0,944,15,18,1/1/2013 15:00
458,2013,1,1,1513.0,1505,8.0,1714.0,1703,11.0,EV,4223,N13914,EWR,CLT,102.0,529,15,5,1/1/2013 15:00
459,2013,1,1,1513.0,1515,-2.0,1705.0,1700,5.0,MQ,4333,N635MQ,JFK,PIT,79.0,340,15,15,1/1/2013 15:00
460,2013,1,1,1515.0,1437,38.0,1834.0,1742,52.0,B6,347,N178JB,JFK,SRQ,171.0,1041,14,37,1/1/2013 14:00
461,2013,1,1,1518.0,1516,2.0,1837.0,1832,5.0,UA,1699,N53442,EWR,SFO,348.0,2565,15,16,1/1/2013 15:00
462,2013,1,1,1520.0,1430,50.0,1835.0,1735,60.0,AA,883,N589AA,EWR,DFW,236.0,1372,14,30,1/1/2013 14:00
463,2013,1,1,1520.0,1525,-5.0,1643.0,1655,-12.0,MQ,3823,N509MQ,JFK,DCA,57.0,213,15,25,1/1/2013 15:00
464,2013,1,1,1520.0,1520,0.0,1817.0,1816,1.0,UA,1593,N13750,EWR,MCO,152.0,937,15,20,1/1/2013 15:00
465,2013,1,1,1521.0,1515,6.0,1830.0,1823,7.0,DL,507,N378NW,LGA,MCO,145.0,950,15,15,1/1/2013 15:00
466,2013,1,1,1522.0,1530,-8.0,1731.0,1725,6.0,MQ,4146,N902MQ,JFK,CMH,98.0,483,15,30,1/1/2013 15:00
467,2013,1,1,1522.0,1530,-8.0,1858.0,1855,3.0,UA,530,N512UA,JFK,LAX,356.0,2475,15,30,1/1/2013 15:00
468,2013,1,1,1523.0,1516,7.0,1831.0,1828,3.0,UA,1600,N18112,EWR,LAX,337.0,2454,15,16,1/1/2013 15:00
469,2013,1,1,1524.0,1457,27.0,1828.0,1801,27.0,B6,141,N504JB,JFK,PBI,156.0,1028,14,57,1/1/2013 14:00
470,2013,1,1,1525.0,1340,105.0,1831.0,1626,125.0,B6,525,N231JB,EWR,MCO,152.0,937,13,40,1/1/2013 13:00
471,2013,1,1,1525.0,1530,-5.0,1934.0,1805,,MQ,4525,N719MQ,LGA,XNA,,1147,15,30,1/1/2013 15:00
472,2013,1,1,1526.0,1530,-4.0,1714.0,1650,24.0,WN,4105,N280WN,EWR,MDW,141.0,711,15,30,1/1/2013 15:00
473,2013,1,1,1527.0,1530,-3.0,1841.0,1855,-14.0,AA,1039,N3HYAA,JFK,FLL,163.0,1069,15,30,1/1/2013 15:00
474,2013,1,1,1527.0,1455,32.0,1655.0,1628,27.0,B6,8,N607JB,JFK,BUF,66.0,301,14,55,1/1/2013 14:00
475,2013,1,1,1527.0,1533,-6.0,1836.0,1857,-21.0,B6,137,N794JB,JFK,RSW,168.0,1074,15,33,1/1/2013 15:00
476,2013,1,1,1527.0,1515,12.0,1854.0,1810,44.0,UA,1695,N69059,EWR,IAH,210.0,1400,15,15,1/1/2013 15:00
477,2013,1,1,1528.0,1459,29.0,2002.0,1647,,EV,3806,N17108,EWR,STL,,872,14,59,1/1/2013 14:00
478,2013,1,1,1528.0,1530,-2.0,1731.0,1725,6.0,AA,2223,N573AA,LGA,STL,160.0,888,15,30,1/1/2013 15:00
479,2013,1,1,1529.0,1457,32.0,1720.0,1634,46.0,UA,459,N497UA,EWR,ORD,138.0,719,14,57,1/1/2013 14:00
480,2013,1,1,1529.0,1530,-1.0,1733.0,1737,-4.0,US,1665,N738US,LGA,CLT,103.0,544,15,30,1/1/2013 15:00
481,2013,1,1,1530.0,1530,0.0,1650.0,1655,-5.0,9E,3369,N913XJ,JFK,BWI,40.0,184,15,30,1/1/2013 15:00
482,2013,1,1,1531.0,1453,38.0,1637.0,1603,34.0,EV,4372,N13975,EWR,DCA,45.0,199,14,53,1/1/2013 14:00
483,2013,1,1,1531.0,1459,32.0,1745.0,1658,47.0,EV,4572,N15912,EWR,GSP,106.0,594,14,59,1/1/2013 14:00
484,2013,1,1,1531.0,1520,11.0,1809.0,1750,19.0,UA,365,N514UA,EWR,DEN,247.0,1605,15,20,1/1/2013 15:00
485,2013,1,1,1534.0,1530,4.0,1755.0,1735,20.0,EV,4093,N17115,EWR,GRR,120.0,605,15,30,1/1/2013 15:00
486,2013,1,1,1536.0,1520,16.0,1709.0,1650,19.0,WN,2081,N226WN,LGA,MKE,133.0,738,15,20,1/1/2013 15:00
487,2013,1,1,1538.0,1540,-2.0,1827.0,1851,-24.0,DL,4,N372DA,JFK,MCO,133.0,944,15,40,1/1/2013 15:00
488,2013,1,1,1539.0,1530,9.0,1904.0,1910,-6.0,AA,85,N342AA,JFK,SFO,360.0,2586,15,30,1/1/2013 15:00
489,2013,1,1,1539.0,1545,-6.0,1853.0,1910,-17.0,AA,133,N319AA,JFK,LAX,351.0,2475,15,45,1/1/2013 15:00
490,2013,1,1,1539.0,1537,2.0,1854.0,1819,35.0,UA,1222,N14250,EWR,LAS,342.0,2227,15,37,1/1/2013 15:00
491,2013,1,1,1540.0,1338,122.0,2020.0,1825,115.0,B6,705,N570JB,JFK,SJU,193.0,1598,13,38,1/1/2013 13:00
492,2013,1,1,1542.0,1545,-3.0,1852.0,1913,-21.0,DL,1283,N3750D,JFK,SAN,342.0,2446,15,45,1/1/2013 15:00
493,2013,1,1,1543.0,1550,-7.0,1933.0,1925,8.0,DL,1773,N688DL,JFK,SLC,320.0,1990,15,50,1/1/2013 15:00
494,2013,1,1,1543.0,1543,0.0,1731.0,1733,-2.0,UA,636,N413UA,LGA,CLE,88.0,419,15,43,1/1/2013 15:00
495,2013,1,1,1546.0,1540,6.0,1753.0,1748,5.0,9E,3338,N904XJ,JFK,ORD,146.0,740,15,40,1/1/2013 15:00
496,2013,1,1,1547.0,1545,2.0,1823.0,1815,8.0,DL,1942,N994DL,EWR,ATL,129.0,746,15,45,1/1/2013 15:00
497,2013,1,1,1548.0,1420,88.0,1751.0,1620,91.0,MQ,4588,N6EAMQ,LGA,MSP,167.0,1020,14,20,1/1/2013 14:00
498,2013,1,1,1549.0,1445,64.0,1912.0,1656,136.0,EV,4181,N21197,EWR,MCI,234.0,1092,14,45,1/1/2013 14:00
499,2013,1,1,1549.0,1548,1.0,1851.0,1859,-8.0,UA,80,N54241,EWR,MIA,156.0,1085,15,48,1/1/2013 15:00
500,2013,1,1,1550.0,1550,0.0,1844.0,1831,13.0,9E,3372,N934XJ,JFK,IND,139.0,665,15,50,1/1/2013 15:00
501,2013,1,1,1552.0,1600,-8.0,1732.0,1720,12.0,EV,5709,N825AS,LGA,IAD,55.0,229,16,0,1/1/2013 16:00
502,2013,1,1,1552.0,1600,-8.0,1826.0,1820,6.0,FL,620,N997AT,LGA,ATL,132.0,762,16,0,1/1/2013 16:00
503,2013,1,1,1552.0,1600,-8.0,1749.0,1757,-8.0,9E,3459,N910XJ,JFK,BNA,150.0,765,16,0,1/1/2013 16:00
504,2013,1,1,1552.0,1600,-8.0,1933.0,1915,18.0,AA,565,N3CGAA,JFK,DFW,254.0,1391,16,0,1/1/2013 16:00
505,2013,1,1,1554.0,1600,-6.0,1701.0,1734,-33.0,9E,3331,N931XJ,JFK,BOS,41.0,187,16,0,1/1/2013 16:00
506,2013,1,1,1554.0,1559,-5.0,1857.0,1841,16.0,DL,847,N918DE,LGA,ATL,131.0,762,15,59,1/1/2013 15:00
507,2013,1,1,1554.0,1600,-6.0,1830.0,1820,10.0,MQ,3985,N606MQ,JFK,CVG,118.0,589,16,0,1/1/2013 16:00
508,2013,1,1,1556.0,1600,-4.0,1737.0,1739,-2.0,EV,5163,N761ND,LGA,PIT,69.0,335,16,0,1/1/2013 16:00
509,2013,1,1,1557.0,1600,-3.0,1910.0,1939,-29.0,DL,1508,N955DL,JFK,RSW,171.0,1074,16,0,1/1/2013 16:00
510,2013,1,1,1557.0,1600,-3.0,1746.0,1742,4.0,UA,687,N487UA,LGA,ORD,143.0,733,16,0,1/1/2013 16:00
511,2013,1,1,1558.0,1534,24.0,1808.0,1703,65.0,EV,4502,N16546,EWR,BNA,168.0,748,15,34,1/1/2013 15:00
512,2013,1,1,1558.0,1359,119.0,1718.0,1515,123.0,EV,5712,N826AS,JFK,IAD,53.0,228,13,59,1/1/2013 13:00
513,2013,1,1,1558.0,1600,-2.0,1910.0,1903,7.0,B6,509,N708JB,EWR,FLL,166.0,1065,16,0,1/1/2013 16:00
514,2013,1,1,1559.0,1605,-6.0,1844.0,1912,-28.0,DL,91,N374DA,JFK,LAS,309.0,2248,16,5,1/1/2013 16:00
515,2013,1,1,1600.0,1610,-10.0,1712.0,1729,-17.0,9E,4088,N8968E,JFK,PHL,35.0,94,16,10,1/1/2013 16:00
516,2013,1,1,1601.0,1601,0.0,1750.0,1735,15.0,UA,702,N484UA,EWR,ORD,141.0,719,16,1,1/1/2013 16:00
517,2013,1,1,1602.0,1605,-3.0,1834.0,1838,-4.0,DL,1861,N301NB,LGA,MCI,189.0,1107,16,5,1/1/2013 16:00
518,2013,1,1,1603.0,1547,16.0,1720.0,1708,12.0,EV,3272,N14168,EWR,BUF,58.0,282,15,47,1/1/2013 15:00
519,2013,1,1,1603.0,1550,13.0,1751.0,1739,12.0,B6,917,N316JB,JFK,ORD,150.0,740,15,50,1/1/2013 15:00
520,2013,1,1,1603.0,1600,3.0,1839.0,1830,9.0,WN,591,N965WN,EWR,DEN,254.0,1605,16,0,1/1/2013 16:00
521,2013,1,1,1603.0,1605,-2.0,1818.0,1750,28.0,MQ,4415,N730MQ,LGA,RDU,79.0,431,16,5,1/1/2013 16:00
522,2013,1,1,1603.0,1600,3.0,1912.0,1906,6.0,UA,367,N820UA,EWR,FLL,162.0,1065,16,0,1/1/2013 16:00
523,2013,1,1,1604.0,1510,54.0,1817.0,1710,67.0,MQ,4579,N0EGMQ,LGA,CLT,106.0,544,15,10,1/1/2013 15:00
524,2013,1,1,1605.0,1610,-5.0,1804.0,1800,4.0,AA,341,N569AA,LGA,ORD,146.0,733,16,10,1/1/2013 16:00
525,2013,1,1,1607.0,1555,12.0,1735.0,1715,20.0,B6,12,N184JB,JFK,SYR,58.0,209,15,55,1/1/2013 15:00
526,2013,1,1,1607.0,1443,84.0,1711.0,1553,78.0,UA,465,N435UA,EWR,BOS,35.0,200,14,43,1/1/2013 14:00
527,2013,1,1,1608.0,1535,33.0,2002.0,1850,72.0,AA,763,N3GKAA,LGA,DFW,249.0,1389,15,35,1/1/2013 15:00
528,2013,1,1,1608.0,1600,8.0,1953.0,1925,28.0,AA,1467,N3DYAA,LGA,MIA,171.0,1096,16,0,1/1/2013 16:00
529,2013,1,1,1608.0,1609,-1.0,1847.0,1910,-23.0,B6,157,N712JB,JFK,MCO,137.0,944,16,9,1/1/2013 16:00
530,2013,1,1,1610.0,1615,-5.0,1913.0,1948,-35.0,DL,1411,N947DL,JFK,FLL,155.0,1069,16,15,1/1/2013 16:00
531,2013,1,1,1610.0,1615,-5.0,1827.0,1830,-3.0,DL,1619,N360NB,LGA,MSP,168.0,1020,16,15,1/1/2013 16:00
532,2013,1,1,1610.0,1555,15.0,1852.0,1834,18.0,DL,1939,N362NW,LGA,DEN,235.0,1620,15,55,1/1/2013 15:00
533,2013,1,1,1611.0,1601,10.0,2010.0,1941,29.0,UA,1635,N76504,EWR,PHX,328.0,2133,16,1,1/1/2013 16:00
534,2013,1,1,1615.0,1602,13.0,1748.0,1728,20.0,EV,4406,N36915,EWR,PIT,73.0,319,16,2,1/1/2013 16:00
535,2013,1,1,1619.0,1625,-6.0,1912.0,1855,17.0,MQ,4661,N537MQ,LGA,ATL,136.0,762,16,25,1/1/2013 16:00
536,2013,1,1,1620.0,1620,0.0,1945.0,1922,23.0,UA,1178,N18119,EWR,IAH,242.0,1400,16,20,1/1/2013 16:00
537,2013,1,1,1621.0,1548,33.0,1904.0,1830,34.0,DL,95,N704X,JFK,ATL,130.0,760,15,48,1/1/2013 15:00
538,2013,1,1,1623.0,1620,3.0,2002.0,1959,3.0,US,35,N550UW,JFK,PHX,317.0,2153,16,20,1/1/2013 16:00
539,2013,1,1,1625.0,1550,35.0,2054.0,2050,4.0,AA,1635,N630AA,JFK,SJU,188.0,1598,15,50,1/1/2013 15:00
540,2013,1,1,1626.0,1630,-4.0,2007.0,1952,15.0,B6,675,N804JB,JFK,LAX,370.0,2475,16,30,1/1/2013 16:00
541,2013,1,1,1626.0,1630,-4.0,1855.0,1853,2.0,DL,702,N361NW,JFK,DTW,108.0,509,16,30,1/1/2013 16:00
542,2013,1,1,1627.0,1459,88.0,1925.0,1805,80.0,B6,63,N599JB,JFK,TPA,159.0,1005,14,59,1/1/2013 14:00
543,2013,1,1,1627.0,1630,-3.0,1940.0,2020,-40.0,VX,27,N847VA,JFK,SFO,354.0,2586,16,30,1/1/2013 16:00
544,2013,1,1,1628.0,1524,64.0,1740.0,1641,59.0,EV,4133,N14959,EWR,IAD,53.0,212,15,24,1/1/2013 15:00
545,2013,1,1,1628.0,1630,-2.0,1907.0,1923,-16.0,DL,920,N331NW,JFK,DEN,248.0,1626,16,30,1/1/2013 16:00
546,2013,1,1,1630.0,1548,42.0,1902.0,1755,67.0,EV,4352,N22909,EWR,CVG,121.0,569,15,48,1/1/2013 15:00
547,2013,1,1,1630.0,1636,-6.0,1913.0,1943,-30.0,B6,143,N534JB,JFK,PBI,147.0,1028,16,36,1/1/2013 16:00
548,2013,1,1,1631.0,1617,14.0,1740.0,1727,13.0,EV,4299,N14972,EWR,DCA,48.0,199,16,17,1/1/2013 16:00
549,2013,1,1,1631.0,1635,-4.0,1956.0,2000,-4.0,US,656,N649AW,EWR,PHX,309.0,2133,16,35,1/1/2013 16:00
550,2013,1,1,1631.0,1630,1.0,1935.0,1950,-15.0,UA,1726,N75425,EWR,SAN,346.0,2425,16,30,1/1/2013 16:00
551,2013,1,1,1632.0,1635,-3.0,1903.0,1840,23.0,WN,190,N258WN,LGA,STL,181.0,888,16,35,1/1/2013 16:00
552,2013,1,1,1632.0,1635,-3.0,1824.0,1810,14.0,MQ,3695,N507MQ,EWR,ORD,139.0,719,16,35,1/1/2013 16:00
553,2013,1,1,1634.0,1626,8.0,1913.0,1852,21.0,UA,69,N27213,EWR,DEN,247.0,1605,16,26,1/1/2013 16:00
554,2013,1,1,1635.0,1630,5.0,1830.0,1810,20.0,UA,162,N16701,EWR,CLE,84.0,404,16,30,1/1/2013 16:00
555,2013,1,1,1636.0,1639,-3.0,1747.0,1755,-8.0,B6,1176,N190JB,EWR,BOS,42.0,200,16,39,1/1/2013 16:00
556,2013,1,1,1637.0,1545,52.0,1858.0,1819,39.0,9E,3321,N604LR,JFK,MSP,173.0,1029,15,45,1/1/2013 15:00
557,2013,1,1,1639.0,1517,82.0,1815.0,1639,96.0,EV,4580,N16561,EWR,MKE,140.0,725,15,17,1/1/2013 15:00
558,2013,1,1,1640.0,1640,0.0,1859.0,1850,9.0,MQ,4540,N723MQ,LGA,DTW,106.0,502,16,40,1/1/2013 16:00
559,2013,1,1,1641.0,1650,-9.0,1746.0,1820,-34.0,AA,1790,N3BYAA,JFK,BOS,41.0,187,16,50,1/1/2013 16:00
560,2013,1,1,1642.0,1610,32.0,1944.0,1919,25.0,UA,1587,N17229,EWR,RSW,161.0,1068,16,10,1/1/2013 16:00
561,2013,1,1,1645.0,1639,6.0,1832.0,1816,16.0,EV,4336,N13538,EWR,GSO,89.0,445,16,39,1/1/2013 16:00
562,2013,1,1,1649.0,1639,10.0,1937.0,1911,26.0,EV,4705,N14960,EWR,ATL,139.0,746,16,39,1/1/2013 16:00
563,2013,1,1,1650.0,1615,35.0,2009.0,1913,56.0,B6,985,N564JB,LGA,TPA,162.0,1010,16,15,1/1/2013 16:00
564,2013,1,1,1651.0,1650,1.0,2000.0,2004,-4.0,B6,185,N665JB,JFK,SAN,349.0,2446,16,50,1/1/2013 16:00
565,2013,1,1,1652.0,1640,12.0,2030.0,1955,35.0,AA,773,N565AA,LGA,DFW,252.0,1389,16,40,1/1/2013 16:00
566,2013,1,1,1653.0,1700,-7.0,2005.0,2018,-13.0,DL,1807,N980DL,LGA,FLL,158.0,1076,17,0,1/1/2013 17:00
567,2013,1,1,1654.0,1644,10.0,1752.0,1753,-1.0,EV,4539,N27962,EWR,MHT,38.0,209,16,44,1/1/2013 16:00
568,2013,1,1,1654.0,1700,-6.0,2020.0,2034,-14.0,DL,706,N320NB,JFK,AUS,251.0,1521,17,0,1/1/2013 17:00
569,2013,1,1,1655.0,1621,34.0,1804.0,1724,40.0,EV,3260,N19554,EWR,ALB,36.0,143,16,21,1/1/2013 16:00
570,2013,1,1,1655.0,1700,-5.0,1953.0,1950,3.0,AA,575,N5DRAA,JFK,EGE,280.0,1747,17,0,1/1/2013 17:00
571,2013,1,1,1655.0,1700,-5.0,2027.0,2049,-22.0,DL,31,N713TW,JFK,SFO,357.0,2586,17,0,1/1/2013 17:00
572,2013,1,1,1655.0,1655,0.0,2025.0,2030,-5.0,VX,413,N626VA,JFK,LAX,362.0,2475,16,55,1/1/2013 16:00
573,2013,1,1,1656.0,1700,-4.0,1941.0,1955,-14.0,AA,257,N3CAAA,JFK,LAS,322.0,2248,17,0,1/1/2013 17:00
574,2013,1,1,1657.0,1650,7.0,1921.0,1840,41.0,WN,2773,N462WN,EWR,STL,181.0,872,16,50,1/1/2013 16:00
575,2013,1,1,1657.0,1630,27.0,1948.0,1926,22.0,UA,1609,N17105,EWR,MCO,148.0,937,16,30,1/1/2013 16:00
576,2013,1,1,1658.0,1700,-2.0,1808.0,1840,-32.0,MQ,4323,N688MQ,JFK,ORF,52.0,290,17,0,1/1/2013 17:00
577,2013,1,1,1701.0,1710,-9.0,2026.0,2015,11.0,AA,695,N3FUAA,JFK,AUS,247.0,1521,17,10,1/1/2013 17:00
578,2013,1,1,1701.0,1700,1.0,1856.0,1840,16.0,UA,689,N418UA,LGA,ORD,144.0,733,17,0,1/1/2013 17:00
579,2013,1,1,1702.0,1700,2.0,2044.0,2028,16.0,UA,1259,N16632,LGA,IAH,234.0,1416,17,0,1/1/2013 17:00
580,2013,1,1,1705.0,1705,0.0,2054.0,2010,44.0,AA,1905,N4WRAA,EWR,DFW,251.0,1372,17,5,1/1/2013 17:00
581,2013,1,1,1705.0,1710,-5.0,1924.0,1915,9.0,US,1447,N188US,LGA,CLT,110.0,544,17,10,1/1/2013 17:00
582,2013,1,1,1707.0,1705,2.0,1928.0,1940,-12.0,DL,2121,N3730B,EWR,ATL,121.0,746,17,5,1/1/2013 17:00
583,2013,1,1,1707.0,1700,7.0,2006.0,2000,6.0,UA,342,N543UA,EWR,LAX,334.0,2454,17,0,1/1/2013 17:00
584,2013,1,1,1708.0,1700,8.0,2037.0,2005,32.0,WN,1066,N778SW,EWR,HOU,245.0,1411,17,0,1/1/2013 17:00
585,2013,1,1,1711.0,1650,21.0,1820.0,1806,14.0,EV,4194,N15986,EWR,BTV,48.0,266,16,50,1/1/2013 16:00
586,2013,1,1,1711.0,1635,36.0,1918.0,1845,33.0,B6,1085,N228JB,JFK,CLT,112.0,541,16,35,1/1/2013 16:00
587,2013,1,1,1711.0,1600,71.0,2005.0,1857,68.0,B6,369,N579JB,LGA,PBI,149.0,1035,16,0,1/1/2013 16:00
588,2013,1,1,1712.0,1719,-7.0,1939.0,1958,-19.0,UA,509,N569UA,LGA,DEN,241.0,1620,17,19,1/1/2013 17:00
589,2013,1,1,1712.0,1700,12.0,2042.0,2036,6.0,UA,635,N485UA,EWR,SAT,242.0,1569,17,0,1/1/2013 17:00
590,2013,1,1,1713.0,1700,13.0,2006.0,2014,-8.0,B6,15,N346JB,JFK,FLL,156.0,1069,17,0,1/1/2013 17:00
591,2013,1,1,1714.0,1720,-6.0,1915.0,1915,0.0,AA,1351,N3CVAA,JFK,ORD,146.0,740,17,20,1/1/2013 17:00
592,2013,1,1,1716.0,1730,-14.0,1947.0,1953,-6.0,F9,511,N263AV,LGA,DEN,242.0,1620,17,30,1/1/2013 17:00
593,2013,1,1,1716.0,1545,91.0,2140.0,2039,61.0,B6,703,N651JB,JFK,SJU,183.0,1598,15,45,1/1/2013 15:00
594,2013,1,1,1716.0,1709,7.0,1902.0,1846,16.0,UA,1623,N19130,EWR,ORD,143.0,719,17,9,1/1/2013 17:00
595,2013,1,1,1717.0,1720,-3.0,1920.0,1910,10.0,AA,345,N539AA,LGA,ORD,141.0,733,17,20,1/1/2013 17:00
596,2013,1,1,1718.0,1710,8.0,2154.0,2201,-7.0,B6,699,N507JB,JFK,SJU,189.0,1598,17,10,1/1/2013 17:00
597,2013,1,1,1719.0,1720,-1.0,1908.0,1905,3.0,MQ,4479,N713MQ,LGA,RDU,80.0,431,17,20,1/1/2013 17:00
598,2013,1,1,1720.0,1725,-5.0,2121.0,2105,16.0,DL,513,N723TW,JFK,LAX,363.0,2475,17,25,1/1/2013 17:00
599,2013,1,1,1725.0,1730,-5.0,1929.0,1926,3.0,US,449,N680AW,EWR,CLT,104.0,529,17,30,1/1/2013 17:00
600,2013,1,1,1725.0,1720,5.0,2045.0,2021,24.0,UA,1712,N17122,EWR,IAH,235.0,1400,17,20,1/1/2013 17:00
601,2013,1,1,1726.0,1730,-4.0,2054.0,2050,4.0,AA,543,N386AA,JFK,MIA,157.0,1089,17,30,1/1/2013 17:00
602,2013,1,1,1726.0,1729,-3.0,2042.0,2100,-18.0,UA,512,N557UA,JFK,SFO,347.0,2586,17,29,1/1/2013 17:00
603,2013,1,1,1727.0,1725,2.0,2043.0,2040,3.0,AA,145,N377AA,JFK,SAN,357.0,2446,17,25,1/1/2013 17:00
604,2013,1,1,1728.0,1600,88.0,2004.0,1817,107.0,EV,3843,N13903,EWR,SDF,135.0,642,16,0,1/1/2013 16:00
605,2013,1,1,1729.0,1718,11.0,2052.0,2055,-3.0,UA,1284,N14120,EWR,SFO,360.0,2565,17,18,1/1/2013 17:00
606,2013,1,1,1730.0,1730,0.0,2013.0,1959,14.0,FL,623,N967AT,LGA,ATL,128.0,762,17,30,1/1/2013 17:00
607,2013,1,1,1730.0,1730,0.0,2126.0,2110,16.0,B6,179,N618JB,JFK,PHX,323.0,2153,17,30,1/1/2013 17:00
608,2013,1,1,1730.0,1729,1.0,2039.0,2058,-19.0,UA,1715,N77296,EWR,SEA,344.0,2402,17,29,1/1/2013 17:00
609,2013,1,1,1732.0,1630,62.0,2028.0,1825,123.0,EV,4092,N16911,EWR,DAY,119.0,533,16,30,1/1/2013 16:00
610,2013,1,1,1736.0,1640,56.0,2047.0,2001,46.0,B6,139,N329JB,JFK,RSW,176.0,1074,16,40,1/1/2013 16:00
611,2013,1,1,1738.0,1745,-7.0,2030.0,2042,-12.0,B6,547,N508JB,EWR,PBI,147.0,1023,17,45,1/1/2013 17:00
612,2013,1,1,1739.0,1745,-6.0,1956.0,1953,3.0,DL,2331,N965DL,LGA,DTW,93.0,502,17,45,1/1/2013 17:00
613,2013,1,1,1739.0,1740,-1.0,2051.0,2112,-21.0,DL,1339,N3761R,JFK,PDX,341.0,2454,17,40,1/1/2013 17:00
614,2013,1,1,1740.0,1630,70.0,2102.0,1954,68.0,DL,2139,N369NW,LGA,MIA,167.0,1096,16,30,1/1/2013 16:00
615,2013,1,1,1740.0,1745,-5.0,2158.0,2020,,MQ,4413,N739MQ,LGA,XNA,,1147,17,45,1/1/2013 17:00
616,2013,1,1,1742.0,1746,-4.0,2028.0,2052,-24.0,DL,1585,N933DL,LGA,MCO,145.0,950,17,46,1/1/2013 17:00
617,2013,1,1,1743.0,1615,88.0,1925.0,1819,66.0,9E,3651,N8515F,JFK,RDU,72.0,427,16,15,1/1/2013 16:00
618,2013,1,1,1744.0,1750,-6.0,2043.0,2045,-2.0,B6,527,N661JB,EWR,MCO,137.0,937,17,50,1/1/2013 17:00
619,2013,1,1,1744.0,1720,24.0,2052.0,2025,27.0,B6,163,N658JB,JFK,TPA,160.0,1005,17,20,1/1/2013 17:00
620,2013,1,1,1744.0,1745,-1.0,2055.0,2059,-4.0,DL,1935,N900DE,LGA,TPA,160.0,1010,17,45,1/1/2013 17:00
621,2013,1,1,1744.0,1745,-1.0,1925.0,1915,10.0,WN,128,N8324A,LGA,MDW,137.0,725,17,45,1/1/2013 17:00
622,2013,1,1,1745.0,1749,-4.0,1943.0,1909,34.0,B6,1307,N216JB,JFK,IAD,65.0,228,17,49,1/1/2013 17:00
623,2013,1,1,1750.0,1750,0.0,2109.0,2115,-6.0,UA,535,N525UA,JFK,LAX,345.0,2475,17,50,1/1/2013 17:00
624,2013,1,1,1751.0,1745,6.0,2044.0,2040,4.0,B6,9,N527JB,JFK,MCO,141.0,944,17,45,1/1/2013 17:00
625,2013,1,1,1751.0,1745,6.0,2015.0,1910,65.0,WN,3384,N764SW,EWR,MDW,148.0,711,17,45,1/1/2013 17:00
626,2013,1,1,1753.0,1745,8.0,2058.0,2037,21.0,B6,391,N630JB,LGA,MCO,144.0,950,17,45,1/1/2013 17:00
627,2013,1,1,1756.0,1725,31.0,2036.0,2019,17.0,UA,376,N523UA,EWR,MCO,140.0,937,17,25,1/1/2013 17:00
628,2013,1,1,1757.0,1703,54.0,1904.0,1813,51.0,EV,4373,N14998,EWR,DCA,45.0,199,17,3,1/1/2013 17:00
629,2013,1,1,1757.0,1759,-2.0,2027.0,2042,-15.0,DL,1047,N643DL,LGA,ATL,125.0,762,17,59,1/1/2013 17:00
630,2013,1,1,1758.0,1800,-2.0,1905.0,1917,-12.0,B6,1016,N304JB,JFK,BOS,36.0,187,18,0,1/1/2013 18:00
631,2013,1,1,1758.0,1800,-2.0,2105.0,2110,-5.0,B6,989,N663JB,JFK,FLL,152.0,1069,18,0,1/1/2013 18:00
632,2013,1,1,1758.0,1749,9.0,2020.0,1943,37.0,UA,1676,N37274,EWR,ORD,135.0,719,17,49,1/1/2013 17:00
633,2013,1,1,1759.0,1759,0.0,1957.0,1949,8.0,EV,4581,N13566,EWR,CMH,95.0,463,17,59,1/1/2013 17:00
634,2013,1,1,1800.0,1800,0.0,1945.0,1951,-6.0,B6,1111,N294JB,JFK,RDU,78.0,427,18,0,1/1/2013 18:00
635,2013,1,1,1800.0,1800,0.0,1951.0,1954,-3.0,UA,1053,N16703,EWR,CLE,83.0,404,18,0,1/1/2013 18:00
636,2013,1,1,1802.0,1805,-3.0,1930.0,1944,-14.0,DL,1006,N359NB,LGA,BUF,61.0,292,18,5,1/1/2013 18:00
637,2013,1,1,1802.0,1801,1.0,2125.0,2137,-12.0,UA,1165,N75429,EWR,LAX,340.0,2454,18,1,1/1/2013 18:00
638,2013,1,1,1803.0,1726,37.0,2011.0,1934,37.0,EV,4382,N13958,EWR,DTW,104.0,488,17,26,1/1/2013 17:00
639,2013,1,1,1803.0,1620,103.0,2008.0,1750,138.0,MQ,4622,N504MQ,LGA,BNA,154.0,764,16,20,1/1/2013 16:00
640,2013,1,1,1803.0,1800,3.0,2021.0,2001,20.0,US,373,N510UW,JFK,CLT,100.0,541,18,0,1/1/2013 18:00
641,2013,1,1,1805.0,1757,8.0,2117.0,2119,-2.0,UA,1152,N39463,EWR,PDX,336.0,2434,17,57,1/1/2013 17:00
642,2013,1,1,1806.0,1810,-4.0,2002.0,1945,17.0,MQ,4484,N711MQ,LGA,BNA,152.0,764,18,10,1/1/2013 18:00
643,2013,1,1,1807.0,1738,29.0,2251.0,2103,,UA,1228,N31412,EWR,SAN,,2425,17,38,1/1/2013 17:00
644,2013,1,1,1808.0,1815,-7.0,2111.0,2130,-19.0,AS,7,N553AS,EWR,SEA,336.0,2402,18,15,1/1/2013 18:00
645,2013,1,1,1809.0,1810,-1.0,2117.0,2132,-15.0,B6,217,N592JB,JFK,LGB,337.0,2465,18,10,1/1/2013 18:00
646,2013,1,1,1811.0,1759,12.0,2132.0,2118,14.0,UA,618,N482UA,EWR,DFW,228.0,1372,17,59,1/1/2013 17:00
647,2013,1,1,1814.0,1700,74.0,2051.0,1855,116.0,EV,4202,N19966,EWR,STL,177.0,872,17,0,1/1/2013 17:00
648,2013,1,1,1814.0,1815,-1.0,2122.0,2151,-29.0,B6,173,N569JB,JFK,SJC,334.0,2569,18,15,1/1/2013 18:00
649,2013,1,1,1815.0,1325,290.0,2120.0,1542,338.0,EV,4417,N17185,EWR,OMA,213.0,1134,13,25,1/1/2013 13:00
650,2013,1,1,1815.0,1805,10.0,1928.0,1920,8.0,WN,731,N266WN,LGA,BWI,46.0,185,18,5,1/1/2013 18:00
651,2013,1,1,1816.0,1805,11.0,2013.0,1955,18.0,MQ,4626,N8EGMQ,LGA,CMH,93.0,479,18,5,1/1/2013 18:00
652,2013,1,1,1816.0,1800,16.0,2101.0,2050,11.0,UA,638,N522UA,EWR,LAS,307.0,2227,18,0,1/1/2013 18:00
653,2013,1,1,1817.0,1820,-3.0,2008.0,2005,3.0,AA,353,N3AXAA,LGA,ORD,138.0,733,18,20,1/1/2013 18:00
654,2013,1,1,1820.0,1820,0.0,2216.0,2150,26.0,AA,119,N3FMAA,EWR,LAX,366.0,2454,18,20,1/1/2013 18:00
655,2013,1,1,1823.0,1830,-7.0,2036.0,2055,-19.0,DL,924,N337NW,JFK,MSP,158.0,1029,18,30,1/1/2013 18:00
656,2013,1,1,1824.0,1830,-6.0,2203.0,2205,-2.0,AA,269,N3ETAA,JFK,SEA,348.0,2422,18,30,1/1/2013 18:00
657,2013,1,1,1825.0,1829,-4.0,2056.0,2053,3.0,9E,3286,N906XJ,JFK,DTW,107.0,509,18,29,1/1/2013 18:00
658,2013,1,1,1825.0,1829,-4.0,2046.0,2032,14.0,US,1973,N460UW,EWR,CLT,106.0,529,18,29,1/1/2013 18:00
659,2013,1,1,1826.0,1810,16.0,2132.0,2130,2.0,AA,1611,N3DWAA,LGA,MIA,153.0,1096,18,10,1/1/2013 18:00
660,2013,1,1,1826.0,1830,-4.0,2154.0,2207,-13.0,DL,1643,N3772H,JFK,SEA,334.0,2422,18,30,1/1/2013 18:00
661,2013,1,1,1827.0,1829,-2.0,2105.0,2056,9.0,UA,1139,N39728,EWR,DEN,246.0,1605,18,29,1/1/2013 18:00
662,2013,1,1,1828.0,1805,23.0,2023.0,1951,32.0,EV,4334,N11119,LGA,CLE,80.0,419,18,5,1/1/2013 18:00
663,2013,1,1,1830.0,1829,1.0,2131.0,2125,6.0,UA,1684,N33714,EWR,PBI,152.0,1023,18,29,1/1/2013 18:00
664,2013,1,1,1832.0,1823,9.0,1948.0,1940,8.0,EV,4326,N13988,EWR,PWM,48.0,284,18,23,1/1/2013 18:00
665,2013,1,1,1832.0,1835,-3.0,2059.0,2103,-4.0,9E,3830,N8894A,JFK,CHS,106.0,636,18,35,1/1/2013 18:00
666,2013,1,1,1832.0,1828,4.0,2144.0,2144,0.0,UA,1075,N18220,EWR,SNA,342.0,2434,18,28,1/1/2013 18:00
667,2013,1,1,1834.0,1840,-6.0,2027.0,2020,7.0,MQ,3730,N517MQ,EWR,ORD,137.0,719,18,40,1/1/2013 18:00
668,2013,1,1,1834.0,1800,34.0,2014.0,1942,32.0,UA,668,N467UA,LGA,ORD,123.0,733,18,0,1/1/2013 18:00
669,2013,1,1,1836.0,1726,70.0,2107.0,1933,94.0,EV,4179,N14543,EWR,CVG,123.0,569,17,26,1/1/2013 17:00
670,2013,1,1,1840.0,1836,4.0,2022.0,2010,12.0,B6,130,N281JB,JFK,BUF,70.0,301,18,36,1/1/2013 18:00
671,2013,1,1,1840.0,1845,-5.0,2055.0,2030,25.0,MQ,4517,N725MQ,LGA,CRW,96.0,444,18,45,1/1/2013 18:00
672,2013,1,1,1840.0,1845,-5.0,2223.0,2226,-3.0,UA,389,N508UA,JFK,SFO,357.0,2586,18,45,1/1/2013 18:00
673,2013,1,1,1842.0,1422,260.0,1958.0,1535,263.0,EV,4633,N18120,EWR,BTV,46.0,266,14,22,1/1/2013 14:00
674,2013,1,1,1842.0,1829,13.0,2144.0,2136,8.0,UA,1292,N14214,EWR,FLL,149.0,1065,18,29,1/1/2013 18:00
675,2013,1,1,1843.0,1850,-7.0,2052.0,2050,2.0,AA,2019,N594AA,LGA,STL,169.0,888,18,50,1/1/2013 18:00
676,2013,1,1,1843.0,1845,-2.0,1955.0,2024,-29.0,DL,904,N344NB,JFK,BOS,34.0,187,18,45,1/1/2013 18:00
677,2013,1,1,1843.0,1835,8.0,2339.0,2346,-7.0,DL,329,N900PC,JFK,SJU,192.0,1598,18,35,1/1/2013 18:00
678,2013,1,1,1846.0,1745,61.0,2147.0,2055,52.0,AA,785,N3ESAA,LGA,DFW,223.0,1389,17,45,1/1/2013 17:00
679,2013,1,1,1846.0,1855,-9.0,2336.0,2355,-19.0,AA,1613,N5BYAA,JFK,SJU,190.0,1598,18,55,1/1/2013 18:00
680,2013,1,1,1848.0,1745,63.0,2238.0,2120,78.0,AA,177,N332AA,JFK,SFO,361.0,2586,17,45,1/1/2013 17:00
681,2013,1,1,1849.0,1900,-11.0,2131.0,2129,2.0,FL,645,N920AT,LGA,ATL,134.0,762,19,0,1/1/2013 19:00
682,2013,1,1,1850.0,1900,-10.0,2007.0,2016,-9.0,EV,5714,N835AS,JFK,IAD,55.0,228,19,0,1/1/2013 19:00
683,2013,1,1,1850.0,1850,0.0,2142.0,2141,1.0,9E,3364,N908XJ,JFK,MSY,207.0,1182,18,50,1/1/2013 18:00
684,2013,1,1,1850.0,1850,0.0,2249.0,2240,9.0,VX,29,N638VA,JFK,SFO,364.0,2586,18,50,1/1/2013 18:00
685,2013,1,1,1853.0,1900,-7.0,2004.0,2018,-14.0,US,2187,N951UW,LGA,DCA,54.0,214,19,0,1/1/2013 19:00
686,2013,1,1,1854.0,1830,24.0,2055.0,2015,40.0,MQ,4674,N518MQ,LGA,CLE,87.0,419,18,30,1/1/2013 18:00
687,2013,1,1,1855.0,1859,-4.0,2140.0,2145,-5.0,DL,947,N339NW,LGA,ATL,135.0,762,18,59,1/1/2013 18:00
688,2013,1,1,1855.0,1848,7.0,2203.0,2200,3.0,UA,1128,N36207,LGA,IAH,231.0,1416,18,48,1/1/2013 18:00
689,2013,1,1,1856.0,1645,131.0,2212.0,2005,127.0,AA,181,N323AA,JFK,LAX,336.0,2475,16,45,1/1/2013 16:00
690,2013,1,1,1856.0,1859,-3.0,2133.0,2155,-22.0,B6,155,N505JB,JFK,MCO,133.0,944,18,59,1/1/2013 18:00
691,2013,1,1,1856.0,1855,1.0,2142.0,2142,0.0,DL,951,N173DZ,JFK,ATL,132.0,760,18,55,1/1/2013 18:00
692,2013,1,1,1858.0,1900,-2.0,2034.0,2035,-1.0,WN,2944,N905WN,LGA,MKE,131.0,738,19,0,1/1/2013 19:00
693,2013,1,1,1859.0,1900,-1.0,2012.0,2021,-9.0,EV,4131,N11544,EWR,RIC,55.0,277,19,0,1/1/2013 19:00
694,2013,1,1,1859.0,1900,-1.0,2151.0,2238,-47.0,DL,1967,N329NW,JFK,MIA,150.0,1089,19,0,1/1/2013 19:00
695,2013,1,1,1900.0,1845,15.0,2212.0,2227,-15.0,B6,91,N523JB,JFK,OAK,330.0,2576,18,45,1/1/2013 18:00
696,2013,1,1,1904.0,1905,-1.0,2139.0,2227,-48.0,DL,2159,N3758Y,JFK,MCO,133.0,944,19,5,1/1/2013 19:00
697,2013,1,1,1904.0,1905,-1.0,2157.0,2208,-11.0,UA,1444,N14242,EWR,TPA,150.0,997,19,5,1/1/2013 19:00
698,2013,1,1,1905.0,1900,5.0,2311.0,2301,10.0,DL,853,N727TW,JFK,SFO,361.0,2586,19,0,1/1/2013 19:00
699,2013,1,1,1906.0,1915,-9.0,2211.0,2244,-33.0,DL,2391,N922DL,JFK,TPA,159.0,1005,19,15,1/1/2013 19:00
700,2013,1,1,1909.0,1912,-3.0,2239.0,2237,2.0,B6,87,N559JB,JFK,SLC,291.0,1990,19,12,1/1/2013 19:00
701,2013,1,1,1909.0,1910,-1.0,2212.0,2224,-12.0,DL,1629,N6710E,JFK,LAS,323.0,2248,19,10,1/1/2013 19:00
702,2013,1,1,1910.0,1909,1.0,2126.0,2046,40.0,EV,3807,N13978,EWR,BNA,159.0,748,19,9,1/1/2013 19:00
703,2013,1,1,1910.0,1910,0.0,2126.0,2107,19.0,9E,3359,N925XJ,JFK,ORD,141.0,740,19,10,1/1/2013 19:00
704,2013,1,1,1910.0,1855,15.0,2118.0,2103,15.0,US,1491,N540UW,LGA,CLT,107.0,544,18,55,1/1/2013 18:00
705,2013,1,1,1911.0,1910,1.0,2050.0,2055,-5.0,MQ,4569,N737MQ,LGA,RDU,81.0,431,19,10,1/1/2013 19:00
706,2013,1,1,1912.0,1915,-3.0,2200.0,2219,-19.0,DL,1485,N917DL,LGA,MCO,142.0,950,19,15,1/1/2013 19:00
707,2013,1,1,1912.0,1908,4.0,2242.0,2257,-15.0,UA,927,N432UA,EWR,PHX,309.0,2133,19,8,1/1/2013 19:00
708,2013,1,1,1915.0,1920,-5.0,2238.0,2257,-19.0,DL,6,N633DL,JFK,SLC,281.0,1990,19,20,1/1/2013 19:00
709,2013,1,1,1915.0,1904,11.0,2242.0,2246,-4.0,UA,1606,N76503,EWR,SFO,351.0,2565,19,4,1/1/2013 19:00
710,2013,1,1,1916.0,1920,-4.0,2053.0,2100,-7.0,AA,359,N3CUAA,LGA,ORD,136.0,733,19,20,1/1/2013 19:00
711,2013,1,1,1919.0,1900,19.0,2125.0,2107,18.0,EV,3267,N14558,EWR,CLT,105.0,529,19,0,1/1/2013 19:00
712,2013,1,1,1921.0,1920,1.0,2315.0,2319,-4.0,DL,541,N375DA,JFK,PHX,314.0,2153,19,20,1/1/2013 19:00
713,2013,1,1,1923.0,1837,46.0,2139.0,2045,54.0,EV,4125,N23139,EWR,GRR,116.0,605,18,37,1/1/2013 18:00
714,2013,1,1,1923.0,1859,24.0,2239.0,2234,5.0,B6,171,N552JB,JFK,SMF,333.0,2521,18,59,1/1/2013 18:00
715,2013,1,1,1925.0,1930,-5.0,2037.0,2050,-13.0,EV,5742,N833AS,LGA,IAD,52.0,229,19,30,1/1/2013 19:00
716,2013,1,1,1925.0,1900,25.0,2259.0,2238,21.0,DL,87,N624AG,JFK,LAX,332.0,2475,19,0,1/1/2013 19:00
717,2013,1,1,1926.0,1910,16.0,2258.0,2215,43.0,AA,2075,N4XFAA,EWR,DFW,248.0,1372,19,10,1/1/2013 19:00
718,2013,1,1,1928.0,1930,-2.0,2117.0,2135,-18.0,9E,4261,N8611A,JFK,RDU,75.0,427,19,30,1/1/2013 19:00
719,2013,1,1,1929.0,1920,9.0,3.0,7,-4.0,UA,1071,N27205,EWR,BQN,192.0,1585,19,20,1/1/2013 19:00
720,2013,1,1,1930.0,1745,105.0,2233.0,2112,81.0,DL,503,N3764D,JFK,SAN,333.0,2446,17,45,1/1/2013 17:00
721,2013,1,1,1934.0,1725,129.0,2126.0,1855,151.0,MQ,4255,N909MQ,JFK,BNA,154.0,765,17,25,1/1/2013 17:00
722,2013,1,1,1935.0,1930,5.0,2223.0,2143,40.0,EV,4085,N12157,EWR,OMA,209.0,1134,19,30,1/1/2013 19:00
723,2013,1,1,1937.0,1905,32.0,2250.0,2225,25.0,AA,21,N327AA,JFK,LAX,332.0,2475,19,5,1/1/2013 19:00
724,2013,1,1,1938.0,1703,155.0,2109.0,1823,166.0,EV,4300,N18557,EWR,RIC,68.0,277,17,3,1/1/2013 17:00
725,2013,1,1,1939.0,1840,59.0,29.0,2151,,9E,3325,N905XJ,JFK,DFW,,1391,18,40,1/1/2013 18:00
726,2013,1,1,1939.0,1940,-1.0,2238.0,2240,-2.0,AA,1787,N3EGAA,JFK,TPA,158.0,1005,19,40,1/1/2013 19:00
727,2013,1,1,1940.0,1905,35.0,2033.0,2021,12.0,UA,698,N580UA,EWR,BOS,36.0,200,19,5,1/1/2013 19:00
728,2013,1,1,1941.0,1940,1.0,2231.0,2241,-10.0,B6,381,N632JB,LGA,FLL,152.0,1076,19,40,1/1/2013 19:00
729,2013,1,1,1942.0,1705,157.0,2124.0,1830,174.0,MQ,4410,N835MQ,JFK,DCA,60.0,213,17,5,1/1/2013 17:00
730,2013,1,1,1945.0,1940,5.0,2247.0,2231,16.0,9E,3361,N913XJ,JFK,JAX,129.0,828,19,40,1/1/2013 19:00
731,2013,1,1,1946.0,1930,16.0,2148.0,2134,14.0,EV,4532,N34110,EWR,CHS,106.0,628,19,30,1/1/2013 19:00
732,2013,1,1,1949.0,1859,50.0,2237.0,2153,44.0,B6,711,N640JB,JFK,LAS,309.0,2248,18,59,1/1/2013 18:00
733,2013,1,1,1952.0,1930,22.0,2358.0,2207,,EV,4333,N11194,EWR,TUL,,1215,19,30,1/1/2013 19:00
734,2013,1,1,1952.0,2000,-8.0,2314.0,2325,-11.0,VX,415,N640VA,JFK,LAX,349.0,2475,20,0,1/1/2013 20:00
735,2013,1,1,1952.0,1930,22.0,2257.0,2251,6.0,UA,1416,N76523,EWR,SEA,342.0,2402,19,30,1/1/2013 19:00
736,2013,1,1,1955.0,2000,-5.0,2145.0,2151,-6.0,9E,3409,N920XJ,JFK,PIT,76.0,340,20,0,1/1/2013 20:00
737,2013,1,1,1957.0,2005,-8.0,2100.0,2126,-26.0,9E,4091,N8598B,JFK,BWI,41.0,184,20,5,1/1/2013 20:00
738,2013,1,1,1957.0,1945,12.0,2307.0,2329,-22.0,B6,645,N652JB,JFK,SFO,337.0,2586,19,45,1/1/2013 19:00
739,2013,1,1,1957.0,2000,-3.0,2321.0,2310,11.0,UA,299,N817UA,EWR,DFW,233.0,1372,20,0,1/1/2013 20:00
740,2013,1,1,1959.0,1930,29.0,2331.0,2306,25.0,DL,1181,N319NB,JFK,SAT,251.0,1587,19,30,1/1/2013 19:00
741,2013,1,1,1959.0,2000,-1.0,2310.0,2307,3.0,UA,1233,N76514,EWR,IAH,232.0,1400,20,0,1/1/2013 20:00
742,2013,1,1,2000.0,1930,30.0,2255.0,2140,75.0,EV,4361,N12567,EWR,TYS,138.0,631,19,30,1/1/2013 19:00
743,2013,1,1,2000.0,2000,0.0,2054.0,2110,-16.0,9E,3664,N836AY,JFK,PHL,30.0,94,20,0,1/1/2013 20:00
744,2013,1,1,2002.0,1955,7.0,2306.0,2310,-4.0,AA,1709,N3GSAA,LGA,MIA,159.0,1096,19,55,1/1/2013 19:00
745,2013,1,1,2003.0,2000,3.0,2302.0,2311,-9.0,UA,1680,N11206,EWR,MIA,154.0,1085,20,0,1/1/2013 20:00
746,2013,1,1,2006.0,1630,216.0,2230.0,1848,222.0,EV,4644,N14972,EWR,SAV,121.0,708,16,30,1/1/2013 16:00
747,2013,1,1,2006.0,2000,6.0,2132.0,2130,2.0,UA,1271,N12218,LGA,ORD,126.0,733,20,0,1/1/2013 20:00
748,2013,1,1,2008.0,1855,73.0,2223.0,2100,83.0,MQ,4649,N527MQ,LGA,MSP,163.0,1020,18,55,1/1/2013 18:00
749,2013,1,1,2008.0,2015,-7.0,2206.0,2210,-4.0,MQ,4555,N734MQ,LGA,CMH,91.0,479,20,15,1/1/2013 20:00
750,2013,1,1,2009.0,1808,121.0,2145.0,1942,123.0,EV,4440,N14143,EWR,PIT,65.0,319,18,8,1/1/2013 18:00
751,2013,1,1,2012.0,2016,-4.0,2154.0,2158,-4.0,UA,1204,N24715,EWR,CLE,77.0,404,20,16,1/1/2013 20:00
752,2013,1,1,2013.0,2015,-2.0,2120.0,2130,-10.0,AA,1762,N3BNAA,JFK,BOS,35.0,187,20,15,1/1/2013 20:00
753,2013,1,1,2015.0,2005,10.0,2149.0,2144,5.0,9E,3320,N931XJ,JFK,BUF,62.0,301,20,5,1/1/2013 20:00
754,2013,1,1,2016.0,1930,46.0,,2220,,EV,4204,N14168,EWR,OKC,,1325,19,30,1/1/2013 19:00
755,2013,1,1,2016.0,1940,36.0,2215.0,2125,50.0,MQ,3783,N509MQ,JFK,CMH,99.0,483,19,40,1/1/2013 19:00
756,2013,1,1,2017.0,1935,42.0,2223.0,2136,47.0,9E,3899,N8444F,JFK,CLE,91.0,425,19,35,1/1/2013 19:00
757,2013,1,1,2017.0,2015,2.0,2318.0,2321,-3.0,B6,47,N593JB,JFK,FLL,149.0,1069,20,15,1/1/2013 20:00
758,2013,1,1,2018.0,2020,-2.0,2314.0,2324,-10.0,UA,1299,N13718,EWR,RSW,157.0,1068,20,20,1/1/2013 20:00
759,2013,1,1,2020.0,2030,-10.0,2148.0,2155,-7.0,FL,354,N895AT,LGA,CAK,73.0,397,20,30,1/1/2013 20:00
760,2013,1,1,2021.0,2025,-4.0,2351.0,2341,10.0,B6,1069,N203JB,JFK,AUS,255.0,1521,20,25,1/1/2013 20:00
761,2013,1,1,2023.0,1945,38.0,2240.0,2206,34.0,9E,3352,N602LR,JFK,CVG,118.0,589,19,45,1/1/2013 19:00
762,2013,1,1,2024.0,1835,109.0,2328.0,2157,91.0,B6,359,N607JB,JFK,BUR,328.0,2465,18,35,1/1/2013 18:00
763,2013,1,1,2025.0,2030,-5.0,2334.0,2348,-14.0,DL,1318,N3740C,JFK,FLL,157.0,1069,20,30,1/1/2013 20:00
764,2013,1,1,2025.0,2028,-3.0,2358.0,2351,7.0,UA,1615,N76516,EWR,AUS,248.0,1504,20,28,1/1/2013 20:00
765,2013,1,1,2026.0,2004,22.0,2157.0,2133,24.0,EV,4224,N11189,EWR,MKE,130.0,725,20,4,1/1/2013 20:00
766,2013,1,1,2026.0,1930,56.0,2319.0,2229,50.0,B6,39,N558JB,JFK,PBI,150.0,1028,19,30,1/1/2013 19:00
767,2013,1,1,2026.0,1955,31.0,2205.0,2120,45.0,WN,195,N957WN,EWR,MDW,134.0,711,19,55,1/1/2013 19:00
768,2013,1,1,2030.0,2030,0.0,2132.0,2139,-7.0,EV,4660,N14203,EWR,MHT,33.0,209,20,30,1/1/2013 20:00
769,2013,1,1,2030.0,2045,-15.0,2150.0,2225,-35.0,AA,371,N545AA,LGA,ORD,126.0,733,20,45,1/1/2013 20:00
770,2013,1,1,2030.0,2035,-5.0,2354.0,2342,12.0,B6,629,N192JB,JFK,HOU,245.0,1428,20,35,1/1/2013 20:00
771,2013,1,1,2030.0,2030,0.0,2308.0,2258,10.0,B6,115,N267JB,JFK,MSY,195.0,1182,20,30,1/1/2013 20:00
772,2013,1,1,2031.0,2030,1.0,2344.0,2335,9.0,UA,834,N822UA,EWR,IAH,223.0,1400,20,30,1/1/2013 20:00
773,2013,1,1,2033.0,2034,-1.0,2134.0,2151,-17.0,UA,994,N486UA,EWR,BOS,35.0,200,20,34,1/1/2013 20:00
774,2013,1,1,2035.0,2030,5.0,2337.0,5,-28.0,UA,1482,N38268,EWR,LAX,333.0,2454,20,30,1/1/2013 20:00
775,2013,1,1,2037.0,2010,27.0,2224.0,2150,34.0,EV,4356,N15572,EWR,RDU,78.0,416,20,10,1/1/2013 20:00
776,2013,1,1,2040.0,2040,0.0,2317.0,2314,3.0,B6,619,N184JB,JFK,JAX,131.0,828,20,40,1/1/2013 20:00
777,2013,1,1,2046.0,2035,11.0,2144.0,2213,-29.0,9E,3357,N916XJ,JFK,DCA,43.0,213,20,35,1/1/2013 20:00
778,2013,1,1,2046.0,2050,-4.0,2328.0,2356,-28.0,UA,926,N414UA,EWR,MCO,136.0,937,20,50,1/1/2013 20:00
779,2013,1,1,2050.0,1959,51.0,2229.0,2144,45.0,MQ,4423,N853MQ,JFK,RDU,83.0,427,19,59,1/1/2013 19:00
780,2013,1,1,2052.0,2029,23.0,2349.0,2350,-1.0,B6,165,N536JB,JFK,PDX,331.0,2454,20,29,1/1/2013 20:00
781,2013,1,1,2052.0,2045,7.0,2357.0,2359,-2.0,B6,147,N535JB,JFK,RSW,163.0,1074,20,45,1/1/2013 20:00
782,2013,1,1,2053.0,2055,-2.0,2254.0,2250,4.0,MQ,4573,N730MQ,LGA,DTW,102.0,502,20,55,1/1/2013 20:00
783,2013,1,1,2055.0,2100,-5.0,2350.0,2355,-5.0,UA,380,N441UA,EWR,PBI,142.0,1023,21,0,1/1/2013 21:00
784,2013,1,1,2056.0,2004,52.0,2156.0,2112,44.0,EV,4170,N12540,EWR,ALB,31.0,143,20,4,1/1/2013 20:00
785,2013,1,1,2056.0,1944,72.0,2210.0,2109,61.0,EV,4692,N11536,EWR,IAD,51.0,212,19,44,1/1/2013 19:00
786,2013,1,1,2056.0,2100,-4.0,2337.0,2343,-6.0,B6,399,N510JB,LGA,MCO,140.0,950,21,0,1/1/2013 21:00
787,2013,1,1,2056.0,2100,-4.0,2240.0,2235,5.0,MQ,4507,N856MQ,LGA,RDU,77.0,431,21,0,1/1/2013 21:00
788,2013,1,1,2057.0,2100,-3.0,2237.0,2220,17.0,MQ,3744,N521MQ,EWR,ORD,133.0,719,21,0,1/1/2013 21:00
789,2013,1,1,2058.0,2100,-2.0,2342.0,2317,25.0,EV,4088,N14953,EWR,SDF,136.0,642,21,0,1/1/2013 21:00
790,2013,1,1,2058.0,2100,-2.0,2235.0,2230,5.0,WN,946,N509SW,LGA,MDW,134.0,725,21,0,1/1/2013 21:00
791,2013,1,1,2058.0,2100,-2.0,8.0,2359,9.0,UA,1241,N27724,EWR,TPA,159.0,997,21,0,1/1/2013 21:00
792,2013,1,1,2100.0,2100,0.0,2307.0,2250,17.0,MQ,4584,N0EGMQ,LGA,CLT,101.0,544,21,0,1/1/2013 21:00
793,2013,1,1,2101.0,2050,11.0,2156.0,2202,-6.0,B6,1020,N587JB,JFK,BOS,34.0,187,20,50,1/1/2013 20:00
794,2013,1,1,2102.0,2108,-6.0,146.0,158,-12.0,UA,1180,N78511,EWR,SJU,199.0,1608,21,8,1/1/2013 21:00
795,2013,1,1,2103.0,2110,-7.0,2345.0,17,-32.0,DL,1668,N3738B,JFK,LAS,309.0,2248,21,10,1/1/2013 21:00
796,2013,1,1,2107.0,2040,27.0,2354.0,2359,-5.0,B6,677,N779JB,JFK,LAX,323.0,2475,20,40,1/1/2013 20:00
797,2013,1,1,2108.0,2057,11.0,25.0,39,-14.0,UA,1517,N17245,EWR,SFO,354.0,2565,20,57,1/1/2013 20:00
798,2013,1,1,2109.0,2115,-6.0,2351.0,2357,-6.0,B6,529,N796JB,EWR,MCO,138.0,937,21,15,1/1/2013 21:00
799,2013,1,1,2110.0,2020,50.0,2340.0,2245,55.0,MQ,4662,N532MQ,LGA,ATL,127.0,762,20,20,1/1/2013 20:00
800,2013,1,1,2115.0,2110,5.0,2240.0,2223,17.0,EV,4119,N15986,EWR,RIC,65.0,277,21,10,1/1/2013 21:00
801,2013,1,1,2115.0,1700,255.0,2330.0,1920,250.0,9E,3347,N924XJ,JFK,CVG,115.0,589,17,0,1/1/2013 17:00
802,2013,1,1,2116.0,2110,6.0,2202.0,2212,-10.0,EV,4404,N15912,EWR,PVD,28.0,160,21,10,1/1/2013 21:00
803,2013,1,1,2119.0,1930,109.0,2358.0,2136,142.0,EV,4543,N13123,EWR,DSM,200.0,1017,19,30,1/1/2013 19:00
804,2013,1,1,2120.0,2130,-10.0,16.0,18,-2.0,B6,383,N603JB,LGA,FLL,160.0,1076,21,30,1/1/2013 21:00
805,2013,1,1,2121.0,2040,41.0,6.0,2323,43.0,B6,227,N307JB,EWR,MCO,143.0,937,20,40,1/1/2013 20:00
806,2013,1,1,2122.0,2125,-3.0,2312.0,2250,22.0,MQ,4660,N1EAMQ,LGA,BNA,153.0,764,21,25,1/1/2013 21:00
807,2013,1,1,2128.0,2135,-7.0,26.0,50,-24.0,AA,185,N338AA,JFK,LAX,338.0,2475,21,35,1/1/2013 21:00
808,2013,1,1,2128.0,2125,3.0,2243.0,2240,3.0,MQ,4449,N810MQ,JFK,DCA,54.0,213,21,25,1/1/2013 21:00
809,2013,1,1,2129.0,2120,9.0,2342.0,2351,-9.0,B6,97,N625JB,JFK,DEN,223.0,1626,21,20,1/1/2013 21:00
810,2013,1,1,2134.0,2045,49.0,20.0,2352,28.0,UA,1106,N27733,EWR,FLL,152.0,1065,20,45,1/1/2013 20:00
811,2013,1,1,2136.0,2145,-9.0,25.0,39,-14.0,B6,515,N198JB,EWR,FLL,154.0,1065,21,45,1/1/2013 21:00
812,2013,1,1,2140.0,2135,5.0,210.0,224,-14.0,B6,701,N284JB,JFK,SJU,189.0,1598,21,35,1/1/2013 21:00
813,2013,1,1,2157.0,2155,2.0,43.0,41,2.0,B6,43,N537JB,JFK,MCO,140.0,944,21,55,1/1/2013 21:00
814,2013,1,1,2158.0,2200,-2.0,2254.0,2307,-13.0,EV,4103,N14998,EWR,BWI,36.0,169,22,0,1/1/2013 22:00
815,2013,1,1,2205.0,1720,285.0,46.0,2040,246.0,AA,1999,N5DNAA,EWR,MIA,146.0,1085,17,20,1/1/2013 17:00
816,2013,1,1,2209.0,2145,24.0,58.0,37,21.0,B6,35,N608JB,JFK,PBI,143.0,1028,21,45,1/1/2013 21:00
817,2013,1,1,2209.0,2155,14.0,2400.0,2337,23.0,B6,1109,N216JB,JFK,RDU,86.0,427,21,55,1/1/2013 21:00
818,2013,1,1,2211.0,2145,26.0,2339.0,2311,28.0,B6,104,N228JB,JFK,BUF,64.0,301,21,45,1/1/2013 21:00
819,2013,1,1,2217.0,2229,-12.0,249.0,315,-26.0,B6,713,N547JB,JFK,SJU,191.0,1598,22,29,1/1/2013 22:00
820,2013,1,1,2217.0,2130,47.0,140.0,27,73.0,B6,21,N516JB,JFK,TPA,163.0,1005,21,30,1/1/2013 21:00
821,2013,1,1,2221.0,2000,141.0,2331.0,2124,127.0,EV,4462,N13566,EWR,BUF,56.0,282,20,0,1/1/2013 20:00
822,2013,1,1,2224.0,2200,24.0,2324.0,2316,8.0,EV,4206,N16561,EWR,PWM,47.0,284,22,0,1/1/2013 22:00
823,2013,1,1,2229.0,2159,30.0,149.0,100,49.0,B6,11,N531JB,JFK,FLL,153.0,1069,21,59,1/1/2013 21:00
824,2013,1,1,2240.0,2245,-5.0,2340.0,2356,-16.0,B6,608,N279JB,JFK,PWM,44.0,273,22,45,1/1/2013 22:00
825,2013,1,1,2250.0,2255,-5.0,2352.0,2359,-7.0,B6,1018,N521JB,JFK,BOS,37.0,187,22,55,1/1/2013 22:00
826,2013,1,1,2302.0,2200,62.0,2342.0,2253,49.0,EV,4276,N13903,EWR,BDL,24.0,116,22,0,1/1/2013 22:00
827,2013,1,1,2306.0,2245,21.0,28.0,5,23.0,B6,30,N281JB,JFK,ROC,59.0,264,22,45,1/1/2013 22:00
828,2013,1,1,2307.0,2245,22.0,32.0,2357,35.0,B6,128,N178JB,JFK,BTV,59.0,266,22,45,1/1/2013 22:00
829,2013,1,1,2310.0,2255,15.0,24.0,15,9.0,B6,112,N646JB,JFK,BUF,57.0,301,22,55,1/1/2013 22:00
830,2013,1,1,2312.0,2000,192.0,21.0,2110,191.0,EV,4312,N13958,EWR,DCA,44.0,199,20,0,1/1/2013 20:00
831,2013,1,1,2323.0,2200,83.0,22.0,2313,69.0,EV,4257,N13538,EWR,BTV,44.0,266,22,0,1/1/2013 22:00
832,2013,1,1,2326.0,2130,116.0,131.0,18,73.0,B6,199,N594JB,JFK,LAS,290.0,2248,21,30,1/1/2013 21:00
833,2013,1,1,2327.0,2250,37.0,32.0,2359,33.0,B6,22,N639JB,JFK,SYR,45.0,209,22,50,1/1/2013 22:00
834,2013,1,1,2343.0,1724,379.0,314.0,1938,456.0,EV,4321,N21197,EWR,MCI,222.0,1092,17,24,1/1/2013 17:00
835,2013,1,1,2353.0,2359,-6.0,425.0,445,-20.0,B6,739,N591JB,JFK,PSE,195.0,1617,23,59,1/1/2013 23:00
836,2013,1,1,2353.0,2359,-6.0,418.0,442,-24.0,B6,707,N794JB,JFK,SJU,185.0,1598,23,59,1/1/2013 23:00
837,2013,1,1,2356.0,2359,-3.0,425.0,437,-12.0,B6,727,N588JB,JFK,BQN,186.0,1576,23,59,1/1/2013 23:00
838,2013,1,1,,1630,,,1815,,EV,4308,N18120,EWR,RDU,,416,16,30,1/1/2013 16:00
839,2013,1,1,,1935,,,2240,,AA,791,N3EHAA,LGA,DFW,,1389,19,35,1/1/2013 19:00
840,2013,1,1,,1500,,,1825,,AA,1925,N3EVAA,LGA,MIA,,1096,15,0,1/1/2013 15:00
841,2013,1,1,,600,,,901,,B6,125,N618JB,JFK,FLL,,1069,6,0,1/1/2013 6:00
842,2013,1,2,42.0,2359,43.0,518.0,442,36.0,B6,707,N580JB,JFK,SJU,189.0,1598,23,59,2/1/2013 23:00
843,2013,1,2,126.0,2250,156.0,233.0,2359,154.0,B6,22,N636JB,JFK,SYR,49.0,209,22,50,2/1/2013 22:00
844,2013,1,2,458.0,500,-2.0,703.0,650,13.0,US,1030,N162UW,EWR,CLT,108.0,529,5,0,2/1/2013 5:00
845,2013,1,2,512.0,515,-3.0,809.0,819,-10.0,UA,1453,N76515,EWR,IAH,214.0,1400,5,15,2/1/2013 5:00
846,2013,1,2,535.0,540,-5.0,831.0,850,-19.0,AA,1141,N621AA,JFK,MIA,156.0,1089,5,40,2/1/2013 5:00
847,2013,1,2,536.0,529,7.0,840.0,828,12.0,UA,407,N493UA,LGA,IAH,231.0,1416,5,29,2/1/2013 5:00
848,2013,1,2,539.0,545,-6.0,959.0,1022,-23.0,B6,725,N624JB,JFK,BQN,184.0,1576,5,45,2/1/2013 5:00
849,2013,1,2,554.0,600,-6.0,845.0,901,-16.0,B6,125,N637JB,JFK,FLL,156.0,1069,6,0,2/1/2013 6:00
850,2013,1,2,554.0,600,-6.0,841.0,851,-10.0,B6,49,N658JB,JFK,PBI,146.0,1028,6,0,2/1/2013 6:00
851,2013,1,2,554.0,600,-6.0,909.0,858,11.0,B6,371,N805JB,LGA,FLL,159.0,1076,6,0,2/1/2013 6:00
852,2013,1,2,555.0,600,-5.0,931.0,910,21.0,AA,707,N3BEAA,LGA,DFW,255.0,1389,6,0,2/1/2013 6:00
853,2013,1,2,555.0,600,-5.0,856.0,856,0.0,B6,71,N806JB,JFK,TPA,158.0,1005,6,0,2/1/2013 6:00
854,2013,1,2,555.0,600,-5.0,750.0,757,-7.0,DL,731,N366NB,LGA,DTW,87.0,502,6,0,2/1/2013 6:00
855,2013,1,2,556.0,600,-4.0,724.0,723,1.0,EV,5708,N836AS,LGA,IAD,54.0,229,6,0,2/1/2013 6:00
856,2013,1,2,556.0,600,-4.0,837.0,837,0.0,DL,461,N618DL,LGA,ATL,128.0,762,6,0,2/1/2013 6:00
857,2013,1,2,557.0,605,-8.0,832.0,823,9.0,DL,544,N325US,LGA,CVG,117.0,585,6,5,2/1/2013 6:00
858,2013,1,2,558.0,600,-2.0,838.0,815,23.0,FL,345,N896AT,LGA,ATL,129.0,762,6,0,2/1/2013 6:00
859,2013,1,2,558.0,600,-2.0,916.0,931,-15.0,UA,303,N505UA,JFK,SFO,341.0,2586,6,0,2/1/2013 6:00
860,2013,1,2,559.0,601,-2.0,809.0,901,-52.0,UA,402,N484UA,EWR,LAS,289.0,2227,6,1,2/1/2013 6:00
861,2013,1,2,559.0,600,-1.0,906.0,907,-1.0,UA,1077,N12225,EWR,MIA,157.0,1085,6,0,2/1/2013 6:00
862,2013,1,2,600.0,600,0.0,814.0,749,25.0,EV,4334,N13914,EWR,CMH,98.0,463,6,0,2/1/2013 6:00
863,2013,1,2,600.0,605,-5.0,751.0,818,-27.0,EV,5147,N760EV,EWR,MSP,155.0,1008,6,5,2/1/2013 6:00
864,2013,1,2,600.0,600,0.0,819.0,815,4.0,9E,4171,N8946A,EWR,CVG,120.0,569,6,0,2/1/2013 6:00
865,2013,1,2,600.0,600,0.0,846.0,846,0.0,B6,79,N529JB,JFK,MCO,140.0,944,6,0,2/1/2013 6:00
866,2013,1,2,600.0,600,0.0,737.0,725,12.0,WN,3136,N8311Q,LGA,MDW,117.0,725,6,0,2/1/2013 6:00
867,2013,1,2,600.0,605,-5.0,748.0,805,-17.0,MQ,4401,N713MQ,LGA,DTW,82.0,502,6,5,2/1/2013 6:00
868,2013,1,2,600.0,600,0.0,747.0,735,12.0,UA,1280,N62631,LGA,ORD,125.0,733,6,0,2/1/2013 6:00
869,2013,1,2,602.0,600,2.0,646.0,659,-13.0,US,1833,N951UW,LGA,PHL,28.0,96,6,0,2/1/2013 6:00
870,2013,1,2,603.0,600,3.0,733.0,745,-12.0,AA,301,N3CRAA,LGA,ORD,118.0,733,6,0,2/1/2013 6:00
871,2013,1,2,603.0,559,4.0,912.0,916,-4.0,UA,1676,N17229,EWR,LAX,341.0,2454,5,59,2/1/2013 5:00
872,2013,1,2,605.0,600,5.0,851.0,935,-44.0,UA,421,N832UA,EWR,SFO,329.0,2565,6,0,2/1/2013 6:00
873,2013,1,2,606.0,610,-4.0,846.0,845,1.0,DL,1743,N387DA,JFK,ATL,129.0,760,6,10,2/1/2013 6:00
874,2013,1,2,606.0,610,-4.0,825.0,820,5.0,DL,1919,N915DE,LGA,MSP,167.0,1020,6,10,2/1/2013 6:00
875,2013,1,2,607.0,610,-3.0,859.0,910,-11.0,AA,1895,N5ELAA,EWR,MIA,151.0,1085,6,10,2/1/2013 6:00
876,2013,1,2,609.0,600,9.0,909.0,854,15.0,B6,507,N630JB,EWR,FLL,158.0,1065,6,0,2/1/2013 6:00
877,2013,1,2,610.0,600,10.0,826.0,807,19.0,EV,5310,N740EV,LGA,MEM,172.0,963,6,0,2/1/2013 6:00
878,2013,1,2,610.0,615,-5.0,854.0,844,10.0,DL,575,N304DQ,EWR,ATL,124.0,746,6,15,2/1/2013 6:00
879,2013,1,2,611.0,600,11.0,756.0,725,31.0,WN,1563,N235WN,EWR,MDW,139.0,711,6,0,2/1/2013 6:00
880,2013,1,2,612.0,600,12.0,901.0,850,11.0,B6,343,N579JB,EWR,PBI,146.0,1023,6,0,2/1/2013 6:00
881,2013,1,2,612.0,615,-3.0,1053.0,1100,-7.0,B6,709,N629JB,JFK,SJU,191.0,1598,6,15,2/1/2013 6:00
882,2013,1,2,616.0,600,16.0,1001.0,917,44.0,UA,1141,N19141,JFK,LAX,354.0,2475,6,0,2/1/2013 6:00
883,2013,1,2,617.0,615,2.0,837.0,817,20.0,US,1567,N745VJ,JFK,CLT,106.0,541,6,15,2/1/2013 6:00
884,2013,1,2,621.0,610,11.0,912.0,915,-3.0,AA,1837,N3EVAA,LGA,MIA,155.0,1096,6,10,2/1/2013 6:00
885,2013,1,2,622.0,630,-8.0,820.0,830,-10.0,MQ,4599,N6EAMQ,LGA,MSP,159.0,1020,6,30,2/1/2013 6:00
886,2013,1,2,624.0,600,24.0,908.0,825,43.0,MQ,4650,N513MQ,LGA,ATL,138.0,762,6,0,2/1/2013 6:00
887,2013,1,2,625.0,630,-5.0,833.0,830,3.0,MQ,4576,N504MQ,LGA,CLT,106.0,544,6,30,2/1/2013 6:00
888,2013,1,2,625.0,629,-4.0,935.0,934,1.0,UA,473,N461UA,LGA,IAH,230.0,1416,6,29,2/1/2013 6:00
889,2013,1,2,625.0,630,-5.0,954.0,946,8.0,UA,516,N802UA,EWR,DFW,249.0,1372,6,30,2/1/2013 6:00
890,2013,1,2,626.0,630,-4.0,850.0,833,17.0,US,1019,N445US,EWR,CLT,103.0,529,6,30,2/1/2013 6:00
891,2013,1,2,628.0,630,-2.0,935.0,932,3.0,DL,2137,N912DE,LGA,TPA,159.0,1010,6,30,2/1/2013 6:00
892,2013,1,2,628.0,615,13.0,730.0,715,15.0,WN,3641,N961WN,EWR,BWI,42.0,169,6,15,2/1/2013 6:00
893,2013,1,2,629.0,615,14.0,746.0,735,11.0,EV,4144,N15574,EWR,IAD,51.0,212,6,15,2/1/2013 6:00
894,2013,1,2,629.0,620,9.0,844.0,827,17.0,EV,4460,N11565,EWR,CVG,118.0,569,6,20,2/1/2013 6:00
895,2013,1,2,629.0,630,-1.0,1010.0,1014,-4.0,US,245,N837AW,EWR,PHX,308.0,2133,6,30,2/1/2013 6:00
896,2013,1,2,630.0,610,20.0,948.0,921,27.0,B6,135,N665JB,JFK,RSW,177.0,1074,6,10,2/1/2013 6:00
897,2013,1,2,630.0,635,-5.0,948.0,942,6.0,DL,1879,N969DL,LGA,FLL,166.0,1076,6,35,2/1/2013 6:00
898,2013,1,2,630.0,630,0.0,727.0,740,-13.0,WN,4648,N7735A,LGA,BWI,42.0,185,6,30,2/1/2013 6:00
899,2013,1,2,632.0,635,-3.0,812.0,812,0.0,EV,4150,N16987,EWR,RDU,82.0,416,6,35,2/1/2013 6:00
900,2013,1,2,632.0,630,2.0,941.0,940,1.0,UA,387,N521UA,EWR,LAX,325.0,2454,6,30,2/1/2013 6:00
901,2013,1,2,634.0,630,4.0,806.0,810,-4.0,AA,303,N3DYAA,LGA,ORD,123.0,733,6,30,2/1/2013 6:00
902,2013,1,2,636.0,637,-1.0,1012.0,955,17.0,UA,1276,N38727,EWR,AUS,248.0,1504,6,37,2/1/2013 6:00
903,2013,1,2,636.0,631,5.0,1005.0,1014,-9.0,UA,908,N406UA,EWR,PHX,299.0,2133,6,31,2/1/2013 6:00
904,2013,1,2,637.0,640,-3.0,832.0,809,23.0,EV,3829,N17108,EWR,BNA,138.0,748,6,40,2/1/2013 6:00
905,2013,1,2,637.0,630,7.0,1012.0,1018,-6.0,US,27,N545UW,JFK,PHX,312.0,2153,6,30,2/1/2013 6:00
906,2013,1,2,637.0,631,6.0,821.0,815,6.0,UA,1162,N39297,EWR,CLE,79.0,404,6,31,2/1/2013 6:00
907,2013,1,2,640.0,640,0.0,732.0,749,-17.0,B6,1002,N807JB,JFK,BOS,34.0,187,6,40,2/1/2013 6:00
908,2013,1,2,640.0,646,-6.0,926.0,941,-15.0,UA,1627,N37267,EWR,PBI,145.0,1023,6,46,2/1/2013 6:00
909,2013,1,2,641.0,635,6.0,926.0,917,9.0,EV,3831,N12996,EWR,ATL,138.0,746,6,35,2/1/2013 6:00
910,2013,1,2,641.0,635,6.0,1013.0,940,33.0,AA,711,N3CFAA,LGA,DFW,249.0,1389,6,35,2/1/2013 6:00
911,2013,1,2,641.0,647,-6.0,804.0,810,-6.0,B6,102,N766JB,JFK,BUF,60.0,301,6,47,2/1/2013 6:00
912,2013,1,2,641.0,645,-4.0,930.0,935,-5.0,B6,389,N563JB,LGA,MCO,142.0,950,6,45,2/1/2013 6:00
913,2013,1,2,642.0,630,12.0,854.0,841,13.0,US,1433,N538UW,LGA,CLT,109.0,544,6,30,2/1/2013 6:00
914,2013,1,2,647.0,645,2.0,849.0,916,-27.0,UA,320,N587UA,LGA,DEN,218.0,1620,6,45,2/1/2013 6:00
915,2013,1,2,647.0,646,1.0,738.0,809,-31.0,UA,785,N821UA,EWR,BOS,34.0,200,6,46,2/1/2013 6:00
916,2013,1,2,647.0,645,2.0,903.0,848,15.0,US,926,N565UW,EWR,CLT,102.0,529,6,45,2/1/2013 6:00
917,2013,1,2,649.0,655,-6.0,951.0,1030,-39.0,DL,1415,N374DA,JFK,SLC,274.0,1990,6,55,2/1/2013 6:00
918,2013,1,2,649.0,651,-2.0,934.0,946,-12.0,UA,392,N464UA,EWR,MCO,141.0,937,6,51,2/1/2013 6:00
919,2013,1,2,654.0,700,-6.0,946.0,1045,-59.0,DL,1865,N711ZX,JFK,SFO,323.0,2586,7,0,2/1/2013 7:00
920,2013,1,2,654.0,651,3.0,1003.0,955,8.0,UA,1701,N78285,EWR,FLL,168.0,1065,6,51,2/1/2013 6:00
921,2013,1,2,655.0,659,-4.0,955.0,959,-4.0,AA,1815,N5EUAA,JFK,MCO,144.0,944,6,59,2/1/2013 6:00
922,2013,1,2,655.0,655,0.0,929.0,942,-13.0,B6,203,N651JB,JFK,LAS,297.0,2248,6,55,2/1/2013 6:00
923,2013,1,2,655.0,700,-5.0,1031.0,1034,-3.0,DL,763,N705TW,JFK,LAX,317.0,2475,7,0,2/1/2013 7:00
924,2013,1,2,655.0,700,-5.0,1005.0,1009,-4.0,DL,1383,N378NW,LGA,PBI,162.0,1035,7,0,2/1/2013 7:00
925,2013,1,2,655.0,700,-5.0,1015.0,1020,-5.0,DL,2003,N926DL,LGA,MIA,161.0,1096,7,0,2/1/2013 7:00
926,2013,1,2,656.0,700,-4.0,1013.0,1007,6.0,B6,981,N656JB,JFK,FLL,162.0,1069,7,0,2/1/2013 7:00
927,2013,1,2,656.0,705,-9.0,1014.0,940,34.0,MQ,4534,N719MQ,LGA,XNA,233.0,1147,7,5,2/1/2013 7:00
928,2013,1,2,657.0,700,-3.0,806.0,809,-3.0,US,2163,N945UW,LGA,DCA,46.0,214,7,0,2/1/2013 7:00
929,2013,1,2,659.0,700,-1.0,959.0,1025,-26.0,VX,399,N626VA,JFK,LAX,330.0,2475,7,0,2/1/2013 7:00
930,2013,1,2,700.0,630,30.0,917.0,840,37.0,EV,4471,N17984,EWR,CLT,102.0,529,6,30,2/1/2013 6:00
931,2013,1,2,700.0,700,0.0,851.0,850,1.0,AA,305,N436AA,LGA,ORD,122.0,733,7,0,2/1/2013 7:00
932,2013,1,2,700.0,700,0.0,1017.0,1015,2.0,AA,2279,N3JJAA,LGA,MIA,163.0,1096,7,0,2/1/2013 7:00
933,2013,1,2,701.0,705,-4.0,1001.0,943,18.0,DL,1445,N339NB,LGA,MSY,193.0,1183,7,5,2/1/2013 7:00
934,2013,1,2,702.0,700,2.0,1054.0,1008,46.0,UA,756,N574UA,EWR,TPA,164.0,997,7,0,2/1/2013 7:00
935,2013,1,2,704.0,655,9.0,947.0,921,26.0,B6,117,N236JB,JFK,MSY,192.0,1182,6,55,2/1/2013 6:00
936,2013,1,2,704.0,705,-1.0,908.0,913,-5.0,DL,831,N974DL,LGA,DTW,90.0,502,7,5,2/1/2013 7:00
937,2013,1,2,704.0,700,4.0,1142.0,1154,-12.0,UA,1152,N37456,EWR,SJU,194.0,1608,7,0,2/1/2013 7:00
938,2013,1,2,705.0,630,35.0,1209.0,1140,29.0,AA,413,N3GEAA,JFK,SJU,197.0,1598,6,30,2/1/2013 6:00
939,2013,1,2,705.0,710,-5.0,827.0,850,-23.0,MQ,3737,N512MQ,EWR,ORD,115.0,719,7,10,2/1/2013 7:00
940,2013,1,2,707.0,715,-8.0,1022.0,1045,-23.0,AA,443,N3HYAA,JFK,MIA,160.0,1089,7,15,2/1/2013 7:00
941,2013,1,2,709.0,700,9.0,1006.0,1014,-8.0,B6,671,N583JB,JFK,LAX,327.0,2475,7,0,2/1/2013 7:00
942,2013,1,2,712.0,700,12.0,945.0,941,4.0,DL,1547,N541US,LGA,ATL,125.0,762,7,0,2/1/2013 7:00
943,2013,1,2,712.0,700,12.0,844.0,832,12.0,UA,1223,N76254,LGA,ORD,127.0,733,7,0,2/1/2013 7:00
944,2013,1,2,714.0,715,-1.0,1026.0,1035,-9.0,AA,825,N3BAAA,JFK,FLL,161.0,1069,7,15,2/1/2013 7:00
945,2013,1,2,715.0,721,-6.0,1013.0,1012,1.0,B6,987,N625JB,JFK,MCO,144.0,944,7,21,2/1/2013 7:00
946,2013,1,2,715.0,715,0.0,1047.0,1112,-25.0,UA,223,N517UA,JFK,SFO,341.0,2586,7,15,2/1/2013 7:00
947,2013,1,2,719.0,720,-1.0,1027.0,1029,-2.0,UA,1526,N33284,EWR,RSW,168.0,1068,7,20,2/1/2013 7:00
948,2013,1,2,720.0,600,80.0,905.0,735,90.0,MQ,3768,N520MQ,EWR,ORD,112.0,719,6,0,2/1/2013 6:00
949,2013,1,2,722.0,725,-3.0,949.0,1030,-41.0,AS,11,N592AS,EWR,SEA,314.0,2402,7,25,2/1/2013 7:00
950,2013,1,2,723.0,713,10.0,846.0,849,-3.0,UA,393,N529UA,EWR,ORD,114.0,719,7,13,2/1/2013 7:00
951,2013,1,2,724.0,730,-6.0,1039.0,1115,-36.0,VX,11,N847VA,JFK,SFO,344.0,2586,7,30,2/1/2013 7:00
952,2013,1,2,727.0,645,42.0,1024.0,1028,-4.0,UA,277,N820UA,EWR,SNA,338.0,2434,6,45,2/1/2013 6:00
953,2013,1,2,728.0,730,-2.0,1001.0,952,9.0,UA,311,N413UA,EWR,DEN,251.0,1605,7,30,2/1/2013 7:00
954,2013,1,2,729.0,720,9.0,846.0,840,6.0,FL,850,N982AT,LGA,MKE,113.0,738,7,20,2/1/2013 7:00
955,2013,1,2,729.0,729,0.0,1047.0,1039,8.0,B6,1601,N645JB,LGA,RSW,168.0,1080,7,29,2/1/2013 7:00
956,2013,1,2,729.0,730,-1.0,1011.0,1056,-45.0,DL,495,N3768,JFK,SEA,309.0,2422,7,30,2/1/2013 7:00
957,2013,1,2,730.0,715,15.0,1206.0,1206,0.0,B6,715,N559JB,JFK,SJU,187.0,1598,7,15,2/1/2013 7:00
958,2013,1,2,732.0,730,2.0,1105.0,1100,5.0,AA,33,N322AA,JFK,LAX,351.0,2475,7,30,2/1/2013 7:00
959,2013,1,2,732.0,736,-4.0,914.0,850,24.0,B6,44,N506JB,JFK,SYR,50.0,209,7,36,2/1/2013 7:00
960,2013,1,2,732.0,732,0.0,1047.0,1040,7.0,UA,1509,N73291,LGA,IAH,230.0,1416,7,32,2/1/2013 7:00
961,2013,1,2,733.0,735,-2.0,902.0,858,4.0,B6,20,N337JB,JFK,ROC,57.0,264,7,35,2/1/2013 7:00
962,2013,1,2,733.0,737,-4.0,1043.0,1113,-30.0,B6,643,N804JB,JFK,SFO,335.0,2586,7,37,2/1/2013 7:00
963,2013,1,2,734.0,700,34.0,1045.0,1025,20.0,WN,20,N485WN,EWR,HOU,235.0,1411,7,0,2/1/2013 7:00
964,2013,1,2,734.0,732,2.0,844.0,853,-9.0,UA,1199,N37408,EWR,BOS,34.0,200,7,32,2/1/2013 7:00
965,2013,1,2,737.0,745,-8.0,1042.0,1036,6.0,B6,983,N504JB,LGA,TPA,162.0,1010,7,45,2/1/2013 7:00
966,2013,1,2,738.0,745,-7.0,926.0,930,-4.0,AA,309,N528AA,LGA,ORD,121.0,733,7,45,2/1/2013 7:00
967,2013,1,2,739.0,745,-6.0,1116.0,1125,-9.0,AA,59,N325AA,JFK,SFO,353.0,2586,7,45,2/1/2013 7:00
968,2013,1,2,739.0,735,4.0,1033.0,1031,2.0,UA,1296,N19117,EWR,MCO,144.0,937,7,35,2/1/2013 7:00
969,2013,1,2,740.0,740,0.0,1025.0,1015,10.0,WN,1581,N468WN,LGA,DEN,263.0,1620,7,40,2/1/2013 7:00
970,2013,1,2,741.0,743,-2.0,932.0,920,12.0,EV,4348,N14542,EWR,GSO,94.0,445,7,43,2/1/2013 7:00
971,2013,1,2,741.0,740,1.0,1005.0,1019,-14.0,UA,328,N533UA,LGA,DEN,220.0,1620,7,40,2/1/2013 7:00
972,2013,1,2,743.0,745,-2.0,858.0,857,1.0,9E,3373,N902XJ,JFK,PHL,30.0,94,7,45,2/1/2013 7:00
973,2013,1,2,744.0,730,14.0,1017.0,1007,10.0,DL,807,N989DL,EWR,ATL,128.0,746,7,30,2/1/2013 7:00
974,2013,1,2,745.0,730,15.0,1112.0,1040,32.0,AA,715,N455AA,LGA,DFW,244.0,1389,7,30,2/1/2013 7:00
975,2013,1,2,745.0,746,-1.0,1118.0,1129,-11.0,UA,1668,N37287,EWR,SFO,350.0,2565,7,46,2/1/2013 7:00
976,2013,1,2,747.0,749,-2.0,1051.0,1054,-3.0,B6,341,N508JB,JFK,SRQ,167.0,1041,7,49,2/1/2013 7:00
977,2013,1,2,750.0,725,25.0,1048.0,1020,28.0,UA,1724,N79521,EWR,PBI,151.0,1023,7,25,2/1/2013 7:00
978,2013,1,2,751.0,800,-9.0,942.0,945,-3.0,9E,3643,N8869B,JFK,PIT,68.0,340,8,0,2/1/2013 8:00
979,2013,1,2,752.0,800,-8.0,956.0,959,-3.0,EV,4166,N11536,EWR,GSP,109.0,594,8,0,2/1/2013 8:00
980,2013,1,2,752.0,800,-8.0,912.0,918,-6.0,EV,4233,N21130,EWR,BTV,49.0,266,8,0,2/1/2013 8:00
981,2013,1,2,752.0,745,7.0,1055.0,1042,13.0,UA,251,N430UA,EWR,IAH,215.0,1400,7,45,2/1/2013 7:00
982,2013,1,2,754.0,635,79.0,900.0,745,75.0,EV,4241,N22909,EWR,DCA,46.0,199,6,35,2/1/2013 6:00
983,2013,1,2,754.0,755,-1.0,1055.0,1059,-4.0,DL,2263,N361NW,LGA,MCO,143.0,950,7,55,2/1/2013 7:00
984,2013,1,2,755.0,800,-5.0,1100.0,1054,6.0,B6,517,N703JB,EWR,MCO,146.0,937,8,0,2/1/2013 8:00
985,2013,1,2,755.0,800,-5.0,1048.0,1106,-18.0,B6,3,N509JB,JFK,FLL,155.0,1069,8,0,2/1/2013 8:00
986,2013,1,2,755.0,759,-4.0,1037.0,1039,-2.0,DL,2047,N660DL,LGA,ATL,123.0,762,7,59,2/1/2013 7:00
987,2013,1,2,757.0,800,-3.0,1058.0,1127,-29.0,DL,1843,N918DL,JFK,MIA,155.0,1089,8,0,2/1/2013 8:00
988,2013,1,2,757.0,759,-2.0,1018.0,959,19.0,US,1733,N537UW,LGA,CLT,106.0,544,7,59,2/1/2013 7:00
989,2013,1,2,758.0,755,3.0,1052.0,1110,-18.0,AA,2267,N3CNAA,LGA,MIA,160.0,1096,7,55,2/1/2013 7:00
990,2013,1,2,759.0,805,-6.0,901.0,919,-18.0,B6,1172,N309JB,EWR,BOS,38.0,200,8,5,2/1/2013 8:00
991,2013,1,2,800.0,810,-10.0,1102.0,1116,-14.0,DL,1959,N995DL,JFK,MCO,143.0,944,8,10,2/1/2013 8:00
992,2013,1,2,801.0,730,31.0,1136.0,1040,56.0,AA,2083,N487AA,EWR,DFW,241.0,1372,7,30,2/1/2013 7:00
993,2013,1,2,801.0,810,-9.0,951.0,955,-4.0,MQ,4406,N837MQ,JFK,RDU,86.0,427,8,10,2/1/2013 8:00
994,2013,1,2,804.0,805,-1.0,1039.0,1110,-31.0,UA,423,N528UA,EWR,PDX,310.0,2434,8,5,2/1/2013 8:00
995,2013,1,2,806.0,810,-4.0,1300.0,1315,-15.0,AA,655,N5FTAA,JFK,STT,193.0,1623,8,10,2/1/2013 8:00
996,2013,1,2,807.0,810,-3.0,1133.0,1129,4.0,DL,1271,N322US,JFK,FLL,170.0,1069,8,10,2/1/2013 8:00
997,2013,1,2,808.0,810,-2.0,1049.0,1045,4.0,DL,269,N971DL,JFK,ATL,124.0,760,8,10,2/1/2013 8:00
998,2013,1,2,808.0,815,-7.0,1020.0,1016,4.0,US,675,N656AW,EWR,CLT,107.0,529,8,15,2/1/2013 8:00
999,2013,1,2,809.0,810,-1.0,950.0,948,2.0,B6,1051,N304JB,JFK,PIT,71.0,340,8,10,2/1/2013 8:00
